# Electricity generation by source, TWh.
# Source: Our World in Data, "Electricity production by source" (Ember + Energy Institute
#   Statistical Review of World Energy + historical estimates). Licensed CC BY 4.0.
#   https://ourworldindata.org/grapher/electricity-production-by-source
# Trimmed to the entities in data/energy-sources.mjs by data/stage-energy-sources.mjs.
entity,year,coal,oil,gas,nuclear,hydro,wind,solar,bio,otherren
austral,1965,,,,0,7.6898,,,,
austral,1966,,,,0,7.345,,,,
austral,1967,,,,0,7.6058,,,,
austral,1968,,,,0,7.9505,,,,
austral,1969,,,,0,8.6841,,,,
austral,1970,,,,0,10.1707,,,,
austral,1971,,,,0,11.5074,,,,
austral,1972,,,,0,11.5533,,,,
austral,1973,,,,0,12.2858,,,,
austral,1974,,,,0,13.8739,,,,
austral,1975,,,,0,14.8878,,,,
austral,1976,,,,0,14.1539,,,,
austral,1977,,,,0,13.544,,,,
austral,1978,,,,0,14.6753,,,,
austral,1979,,,,0,14.2461,,,,
austral,1980,,,,0,13.4666,,,,
austral,1981,,,,0,13.8663,,,,
austral,1982,,,,0,12.7703,,,,
austral,1983,,,,0,12.1236,,,,
austral,1984,,,,0,13.1259,,,,
austral,1985,89.374,4.667,11.501,0,13.9405,,,,
austral,1986,92.587,3.771,13.784,0,14.0258,,,,
austral,1987,100.348,2.799,13.989,0,13.6138,,,,
austral,1988,105.998,2.444,14.718,0,14.3344,,,,
austral,1989,113.56,3.024,15.128,0,14.2537,,,,
austral,1990,123.363,3.474,12.5655,0,14.7595,0,0,,
austral,1991,127.2215,2.879,11.2025,0,15.6535,0,0.0054,,
austral,1992,130.0024,2.3915,11.964,0,15.9415,0,0.0121,,
austral,1993,133.2774,2.3705,12.247,0,16.387,0.002,0.0146,,
austral,1994,136.8941,2.529,13.556,0,16.15,0.0055,0.0174,,
austral,1995,141.9353,2.7715,13.679,0,15.631,0.007,0.0211,,
austral,1996,148.4309,2.49,11.9355,0,15.9685,0.007,0.0256,,
austral,1997,157.4738,1.998,12.18,0,15.9525,0.0075,0.0307,,
austral,1998,165.9459,1.775,14.4675,0,15.798,0.018,0.0356,,
austral,1999,171.1614,1.7565,16.123,0,16.2815,0.043,0.0406,,
austral,2000,180.26,2.27,16.76,0,16.47,0.13,0.05,0.89,0
austral,2001,179.88,2.62,24.5,0,16.12,0.29,0.05,0.8,0
austral,2002,171.86,3.13,30.55,0,16.09,0.53,0.06,1.27,0
austral,2003,173.61,3.53,30.15,0,16.21,0.7,0.06,1.69,0
austral,2004,178.96,3.53,27.36,0,15.69,0.8,0.07,2.82,0
austral,2005,182.98,3.78,23.26,0,15.47,1.3,0.08,3.87,0
austral,2006,185.76,3.8,27.29,0,14.95,2.16,0.1,3.93,0
austral,2007,185.49,4.01,33.4,0,13.05,2.85,0.11,4.28,0
austral,2008,184.24,5.71,36.31,0,11.82,3.46,0.14,3.7,0
austral,2009,182.02,6.6,41.12,0,12.64,4.44,0.29,2.79,0
austral,2010,176.02,6,46.79,0,13.75,4.99,0.98,2.44,0
austral,2011,171.98,4.91,48.78,0,19.57,6.43,2.04,2.57,0
austral,2012,165.38,5.2,49.81,0,17.04,7.72,2.41,3.1,0
austral,2013,155.45,5.86,52.72,0,19.09,9.26,3.85,3.33,0
austral,2014,155.23,6,53.66,0,14.48,9.78,4.95,3.55,0
austral,2015,162.2,6.28,49.71,0,14.09,11.83,6.2,3.68,0
austral,2016,162.36,6.02,48.11,0,17.63,13.04,7.44,3.63,0
austral,2017,159.17,5.52,55.09,0,13.5,13.21,8.92,3.56,0
austral,2018,156.56,5.12,51.46,0,17.31,16.26,12.33,3.59,0
austral,2019,149.84,5.09,55.71,0,14.02,19.47,18.3,3.47,0
austral,2020,142.93,4.89,53.05,0,14.42,22.61,23.84,3.41,0
austral,2021,137.4,5.15,47.63,0,15.94,26.8,31.19,3.34,0
austral,2022,129.21,5.45,50.82,0,16.66,30.05,37.54,3.19,0
austral,2023,125.61,5.76,46.67,0,15.08,31.87,44.99,3.13,0
austral,2024,127.33,6.42,49.1,0,12.85,32.74,50.21,2.99,0
austral,2025,122.35,6.36,47.05,0,12.22,39.23,56.09,3.04,0
brazil,1965,,,,0,25.515,,,,
brazil,1966,,,,0,27.906,,,,
brazil,1967,,,,0,29.189,,,,
brazil,1968,,,,0,30.55,,,,
brazil,1969,,,,0,32.692,,,,
brazil,1970,,,,0,39.801,,,,
brazil,1971,,,,0,43.199,,,,
brazil,1972,,,,0,50.681,,,,
brazil,1973,,,,0,57.89,,,,
brazil,1974,,,,0,65.679,,,,
brazil,1975,,,,0,72.287,,,,
brazil,1976,,,,0,82.913,,,,
brazil,1977,,,,0,93.48,,,,
brazil,1978,,,,0,102.746,,,,
brazil,1979,,,,0,116.58,,,,
brazil,1980,,,,0,128.907,,,,
brazil,1981,,,,0,130.765,,,,
brazil,1982,,,,0,141.132,,,,
brazil,1983,,,,0,151.475,,,,
brazil,1984,,,,1.643,166.593,,,,
brazil,1985,4.9449,3.9142,0,3.381,178.375,0,,,
brazil,1986,6.1842,10.1877,0,0.144,182.419,0,,,
brazil,1987,5.41,7.7828,0,0.973,185.6,0,,,
brazil,1988,4.7147,7.1924,0.005,0.608,199.093,0,,,
brazil,1989,5.4487,6.1521,0.215,1.83,204.69,0,,,
brazil,1990,4.6205,5.0699,0.3256,2.237,206.708,0,0,,
brazil,1991,5.5338,5.2459,0.373,1.442,217.782,0,0,,
brazil,1992,5.0075,6.3331,0.39,1.759,223.343,0,0,,
brazil,1993,4.9086,6.2156,0.388,0.442,235.065,0,0,,
brazil,1994,4.9707,6.4425,0.4792,0.055,242.7051,0,0,,
brazil,1995,5.4424,7.5815,0.5597,2.519,253.9051,0,0,,
brazil,1996,6.0257,9.3281,0.9741,2.427,265.7358,0.002,0,,
brazil,1997,7.3103,9.9691,1.177,3.169,278.9725,0.004,0,,
brazil,1998,6.9736,11.2096,1.321,3.265,291.4692,0.005,0,,
brazil,1999,9.715,16.6369,2.6529,3.977,293,0.002,0,,
brazil,2000,10.93,15.62,4.07,6.05,304.4,0,0,7.86,0
brazil,2001,11.08,16.34,9.92,14.28,267.88,0.03,0,9.02,0
brazil,2002,9.12,13.93,12.41,13.84,286.09,0.06,0,10.27,0
brazil,2003,9.01,11.29,13.11,13.36,305.62,0.06,0,11.94,0
brazil,2004,10.37,12.87,19.26,11.61,320.8,0.06,0,12.52,0
brazil,2005,10.68,12.54,18.81,9.85,337.46,0.09,0,13.64,0
brazil,2006,10.47,13.08,18.26,13.75,348.8,0.24,0,14.85,0
brazil,2007,10.08,14.48,15.5,12.35,374.02,0.66,0,18.06,0
brazil,2008,11.96,17.94,28.78,13.97,369.56,1.18,0,19.79,0
brazil,2009,9.97,14.8,13.33,12.96,390.99,1.24,0,22.88,0
brazil,2010,11.29,16.1,36.48,14.52,403.29,2.18,0,31.94,0
brazil,2011,12.6,14.74,25.1,15.66,428.33,2.7,0,32.63,0
brazil,2012,14.47,19.07,46.76,16.04,415.34,5.05,0,35.77,0
brazil,2013,21.97,25.87,69,15.45,390.99,6.58,0,40.97,0
brazil,2014,26.9,34.45,81.07,15.38,373.44,12.21,0.02,47.08,0
brazil,2015,26.98,28.71,79.49,14.73,359.74,21.63,0.06,49.88,0
brazil,2016,25.67,15.06,56.48,15.86,380.91,33.49,0.09,51.33,0
brazil,2017,22.85,18.12,65.59,15.74,370.91,42.37,0.83,52.91,0
brazil,2018,20.8,15.01,54.62,15.67,388.97,48.48,3.46,54.38,0
brazil,2019,21.68,14.12,65.96,16.13,397.88,55.99,6.65,54.92,0
brazil,2020,17.75,14.56,59.48,14.05,396.38,57.05,10.75,58.74,0
brazil,2021,24.24,22.63,86.96,14.7,362.82,72.29,16.75,56.01,0
brazil,2022,14.4,12.2,42.11,14.56,427.11,81.63,30.13,55.02,0
brazil,2023,13.31,11.53,38.59,14.5,426,95.8,50.63,57.76,0
brazil,2024,16.21,13.71,48.76,15.78,413.21,108.49,71.32,58.24,0
brazil,2025,17.19,12.65,54.85,15.87,388.63,117.58,88.64,55.12,0
canada,1965,,,,0.128,118.088,,,,
canada,1966,,,,0.172,131,,,,
canada,1967,,,,0.153,133.924,,,,
canada,1968,,,,0.918,136.2,,,,
canada,1969,,,,0.529,150.638,,,,
canada,1970,,,,1.037,158.137,,,,
canada,1971,,,,4.267,162.461,,,,
canada,1972,,,,7.211,181.639,,,,
canada,1973,,,,15.254,194.654,,,,
canada,1974,,,,14.696,210.667,,,,
canada,1975,,,,12.57,202.47,,,,
canada,1976,,,,17.416,212.689,,,,
canada,1977,,,,26.342,220.147,,,,
canada,1978,,,,31.202,235.254,,,,
canada,1979,,,,35.271,244.121,,,,
canada,1980,,,,38.032,251.148,,,,
canada,1981,,,,40.067,266.015,,,,
canada,1982,,,,38.337,257.795,,,,
canada,1983,,,,48.61,265.952,,,,
canada,1984,,,,52.21,286.123,,,,
canada,1985,79.445,6.777,6.808,60.521,303.645,0.001,,,
canada,1986,71.627,6.166,6.886,71.267,310.635,0.001,,,
canada,1987,84.238,10.061,6.159,77.261,316.206,0.001,,,
canada,1988,91.758,11.842,9.432,82.867,307.435,0.001,,,
canada,1989,91.737,18.174,14.835,79.3168,290.4497,0.001,,,
canada,1990,82.22,16.468,9.654,72.46,295.6833,0.0019,0,,
canada,1991,88.485,14.135,8.622,84.3389,307.276,0.0019,0,,
canada,1992,90.03,15.594,13.122,80.0221,315.1746,0.059,0.0021,,
canada,1993,82.384,12.008,15.299,93.2842,322.2139,0.059,0.0021,,
canada,1994,86.651,10.068,15.437,107.0842,327.8556,0.059,0.0021,,
canada,1995,91.604,6.3034,19.9755,97.1642,334.0597,0.059,0.0038,,
canada,1996,89.6211,7.4224,18.6215,92.1221,354.5921,0.062,0.0059,,
canada,1997,96.9259,12.0247,22.8263,81.9547,348.6796,0.062,0.0069,,
canada,1998,105.9937,16.8581,26.4238,70.9926,330.8699,0.062,0.0101,,
canada,1999,106.1865,14.8196,27.8746,72.98,345.0008,0.162,0.0133,,
canada,2000,116.23,13.51,35.83,72.29,356.76,0.26,0.02,8.92,0
canada,2001,111.69,16.08,42.29,76.16,331.52,0.33,0.02,9.67,0
canada,2002,110.7,15.51,38.83,75,349.27,0.41,0.02,10.05,0
canada,2003,109.56,19.34,38.73,74.37,336.14,0.69,0.02,9.42,0
canada,2004,99.9,19.25,40.44,89.76,338.4,0.94,0.01,9.8,0
canada,2005,102.86,16.65,36.88,91.4,361.96,1.57,0.02,9.16,0
canada,2006,95.92,10.49,40.42,97.28,352.89,2.47,0.02,8.94,0
canada,2007,106.47,12.23,43.01,92.83,367.62,3.01,0.03,8.99,0
canada,2008,100.8,10.03,39.63,95.35,377.49,3.79,0.04,7.98,0
canada,2009,84.72,10.04,45.27,89.46,368.69,6.64,0.11,8.94,0
canada,2010,86.45,7.1,52.78,90.03,351.39,8.72,0.26,10.3,0
canada,2011,79.9,6.21,62.53,92.94,375.72,10.19,0.57,10.21,0
canada,2012,69.35,6.38,63.24,94.2,380.27,11.31,0.88,10.91,0
canada,2013,70.54,6.66,60.29,102.72,391.79,11.15,1.5,11.04,0
canada,2014,69.38,4.76,65.05,106.54,382.5,12.82,2.12,9.8,0
canada,2015,64.96,5,67.98,101.1,382.19,26.97,2.89,9.99,0
canada,2016,65.02,4.84,65.82,100.72,385.43,30.93,3.01,11.36,0
canada,2017,62.81,3.92,61.46,100.6,394.59,31.51,3.31,11.15,0
canada,2018,53.02,4.02,70.74,100.03,385.89,33.47,3.49,10.54,0
canada,2019,50.14,3.42,72.94,100.49,381.77,32.88,3.75,10.31,0
canada,2020,39.04,6.96,75.59,97.51,386.55,35.76,4.07,10.41,0
canada,2021,34.83,6.6,83.6,91.98,382.43,37.3,5.11,10.55,0
canada,2022,26.49,8.05,90.44,86.63,397.73,39.48,5.74,9.52,0
canada,2023,23.74,6.89,102.88,88.43,360.74,40.51,8.4,9.8,0
canada,2024,25.14,7.3,109.6,85.47,343.2,46.83,9.42,9.83,0
canada,2025,26.68,7.63,115.9,85.32,344.74,51.48,10.17,10.52,0
china,1965,,,,0,22.097,,,,
china,1966,,,,0,22.4859,,,,
china,1967,,,,0,19.3835,,,,
china,1968,,,,0,22.8704,,,,
china,1969,,,,0,23.2593,,,,
china,1970,,,,0,24.0371,,,,
china,1971,,,,0,29.0752,0,0,,
china,1972,,,,0,32.951,0,0,,
china,1973,,,,0,36.8269,0,0,,
china,1974,,,,0,41.6749,0,0,,
china,1975,,,,0,43.6106,0,0,,
china,1976,,,,0,44.194,0,0,,
china,1977,,,,0,46.1341,0,0,,
china,1978,,,,0,43.2261,0,0,,
china,1979,,,,0,48.5559,0,0,,
china,1980,,,,0,58.2212,0,0,,
china,1981,,,,0,65.5132,0,0,,
china,1982,,,,0,74.4139,0,0,,
china,1983,,,,0,86.4169,0,0,,
china,1984,,,,0,86.8147,0,0,,
china,1985,260.6454,56.685,0.972,0,92.3876,0,0,,
china,1986,299.6103,53.678,1.693,0,94.5486,0,0,,
china,1987,339.8617,54.644,2.737,0,100.0243,0,0,,
china,1988,373.653,60.336,2.053,0,109.168,0,0,,
china,1989,405.06,57.632,3.709,0,118.409,0,0,,
china,1990,441.251,50.366,2.771,0,126.744,0.002,0.002,,
china,1991,498.434,51.923,2.429,0,124.689,0.0091,0.002,,
china,1992,567.3296,53.21,2.467,0,130.6861,0.1313,0.003,,
china,1993,589.2284,65.454,3.124,1.604,151.8462,0.2121,0.004,,
china,1994,693.4084,48.199,3.154,14.756,167.429,0.3838,0.005,,
china,1995,741.8859,55.094,2.999,12.833,190.58,0.6162,0.007,,
china,1996,824.1841,50.351,2.828,14.338,187.97,0.0939,0.009,,
china,1997,867.0265,47.115,8.077,14.418,195.98,0.198,0.011,,
china,1998,891.6741,53.392,6.092,14.1,198.89,0.3556,0.014,,
china,1999,969.6844,50.261,4.813,14.949,196.58,0.4737,0.017,,
china,2000,1060.26,47.27,5.77,16.74,222.41,0.59,0.02,2.54,0
china,2001,1129.14,48.52,4.93,17.47,277.43,0.72,0.03,2.55,0
china,2002,1282.57,50.71,4.19,25.13,287.97,0.84,0.05,2.55,0
china,2003,1519.97,54.83,5.16,43.34,283.68,1,0.06,2.54,0
china,2004,1722.42,65.53,7.46,50.47,353.54,1.28,0.08,2.53,0
china,2005,1980.15,50.51,12.14,53.09,397.02,1.95,0.08,5.32,0
china,2006,2302.42,37.92,23.82,54.84,435.79,3.71,0.09,7.13,0
china,2007,2656.7,28.09,33.91,62.13,485.26,5.48,0.11,9.86,0
china,2008,2708.91,18.81,34.57,68.39,636.96,13.1,0.15,14.87,0
china,2009,2911.52,12.12,56.56,70.05,615.64,27.61,0.28,20.86,0
china,2010,3233.6,34.71,77.73,74.74,711.38,49.4,0.7,24.9,0
china,2011,3690.87,33.8,108.77,87.2,688.04,74.1,2.61,27.63,0
china,2012,3748.19,31.22,110.25,98.32,862.79,103.05,3.59,30.13,0
china,2013,4077.37,33,116.39,111.5,909.61,138.26,8.37,37.13,0
china,2014,4203.06,35.66,133.28,133.22,1059.69,159.76,23.51,46.27,0
china,2015,4046.17,36.46,166.91,171.38,1114.52,185.59,39.48,54.07,0
china,2016,4156.35,52.56,188.28,213.18,1153.27,240.86,66.53,62.13,0
china,2017,4430.03,56.05,203.2,248.1,1165.06,304.6,117.8,79.6,0
china,2018,4763.85,56.4,215.5,295,1198.89,365.8,176.9,93.8,0
china,2019,4855.12,52.47,232.5,348.7,1272.54,405.3,224,112.8,0
china,2020,4921.89,53.47,252.5,366.2,1321.71,466.5,261.1,135.7,0
china,2021,5333.8,57.06,287.1,407.5,1300,655.8,327,166,0
china,2022,5414.72,69.93,275.62,417.78,1298.12,762.67,427.27,182.6,0
china,2023,5752.74,76.97,297.8,434.72,1226,885.87,584.15,198.2,0
china,2024,5827.6,88.88,320.72,450.85,1354.25,997.04,839.04,208.5,0
china,2025,5751.56,89.55,334.17,487.61,1397.06,1135.44,1174.96,213.01,0
czechia,1965,,,,0,2.2318,,,,
czechia,1966,,,,0,2.1036,,,,
czechia,1967,,,,0,1.8959,,,,
czechia,1968,,,,0,1.4672,,,,
czechia,1969,,,,0,1.1977,,,,
czechia,1970,,,,0,1.7103,,,,
czechia,1971,,,,0,1.208,,,,
czechia,1972,,,,0,1.264,,,,
czechia,1973,,,,0,1.081,,,,
czechia,1974,,,,0,1.819,,,,
czechia,1975,,,,0,1.814,,,,
czechia,1976,,,,0,1.446,,,,
czechia,1977,,,,0,1.967,,,,
czechia,1978,,,,0,1.83,,,,
czechia,1979,,,,0,2.293,,,,
czechia,1980,,,,0,2.399,,,,
czechia,1981,,,,0,2.061,,,,
czechia,1982,,,,0,1.67,,,,
czechia,1983,,,,0.2,1.655,,,,
czechia,1984,,,,1.239,1.298,,,,
czechia,1985,,,,2.397,1.671,,,,
czechia,1986,,,,6.149,1.876,,,,
czechia,1987,,,,10.701,2.465,,,,
czechia,1988,,,,11.816,2.099,,,,
czechia,1989,,,,12.418,1.643,,,,
czechia,1990,47.02,1.12,0.38,12.59,1.16,0,0,0,0
czechia,1991,45.6,1.1,0.38,12.13,1.09,0,0,0,0
czechia,1992,43.91,1.11,0.38,12.25,1.4,0,0,0,0
czechia,1993,43.27,0.84,0.4,12.63,1.37,0,0,0.16,0
czechia,1994,42.24,1.01,0.39,12.98,1.46,0,0,0.32,0
czechia,1995,44.34,1.12,0.48,12.23,2,0,0,0.41,0
czechia,1996,45.43,2.25,1.04,12.85,1.97,0,0,0.29,0
czechia,1997,45.73,2.65,1.15,12.49,1.7,0,0,0.49,0
czechia,1998,45.31,2.85,1.29,13.18,1.4,0,0,0.59,0
czechia,1999,44.15,2.57,1.73,13.36,1.68,0,0,0.68,0
czechia,2000,52.75,2.59,1.69,13.59,1.76,0,0,0.52,0
czechia,2001,52.59,2.73,1.58,14.75,2.05,,0,0.52,0
czechia,2002,49.91,2.75,1.61,18.74,2.49,0,0,0.5,0
czechia,2003,50.77,2.7,1.58,25.87,1.38,0,0,0.49,0
czechia,2004,50.31,2.87,1.54,26.33,2.02,0.01,0,0.71,0
czechia,2005,49.52,3.08,1.47,24.73,2.38,0.02,0,0.73,0
czechia,2006,49.65,2.87,1.57,26.05,2.55,0.05,0,0.92,0
czechia,2007,53.79,3.02,1.37,26.17,2.09,0.13,0,1.2,0
czechia,2008,48.77,3.22,1.02,26.55,2.02,0.24,0.01,1.45,0
czechia,2009,45.94,2.85,0.98,27.21,2.43,0.29,0.09,1.85,0
czechia,2010,46.9,3.03,1.38,28,2.79,0.34,0.62,2.16,0
czechia,2011,46.68,3.03,1.41,28.28,1.96,0.4,2.18,2.7,0
czechia,2012,43.98,2.72,1.49,30.32,2.13,0.42,2.15,3.37,0
czechia,2013,41.12,2.7,2.04,30.75,2.73,0.48,2.03,4.06,0
czechia,2014,40.73,2.93,1.82,30.33,1.91,0.48,2.12,4.66,0
czechia,2015,41.14,2.82,2.28,26.84,1.79,0.57,2.26,4.79,0
czechia,2016,41.97,2.81,3.73,24.1,2,0.5,2.13,4.76,0
czechia,2017,41.44,2.65,3.7,28.34,1.87,0.59,2.2,4.97,0
czechia,2018,41.2,2.52,3.77,29.92,1.63,0.61,2.36,4.83,0
czechia,2019,37.33,2.27,5.81,30.25,2.01,0.7,2.32,5.03,0
czechia,2020,31,1.85,6.87,30.04,2.14,0.7,2.29,5.21,0
czechia,2021,34.18,0.8,7.31,30.73,2.41,0.6,2.25,5.38,0
czechia,2022,36.88,0.73,4.33,31.02,2.09,0.64,2.63,5.41,0
czechia,2023,29.94,0.63,3.68,30.41,2.36,0.7,2.89,5.19,0
czechia,2024,26.52,0.5,3.79,29.7,2.66,0.67,3.59,5.38,0
czechia,2025,26.6,0.16,4.08,31.94,1.71,0.57,4.39,6.05,0
eu,1965,,,,4.542,211.806,0,0,,
eu,1966,,,,5.574,230.4538,0,0,,
eu,1967,,,,6.597,222.1926,0,0,,
eu,1968,,,,7.622,226.5809,0,0,,
eu,1969,,,,11.443,222.4579,0,0,,
eu,1970,,,,16.785,234.7227,0,0,,
eu,1971,,,,21.928,233.2277,0,0,,
eu,1972,,,,34.295,244.8364,0,0,,
eu,1973,,,,40.071,243.5321,0,0,,
eu,1974,,,,46.695,263.0174,0,0,,
eu,1975,,,,78.559,264.9055,0,0,,
eu,1976,,,,92.005,231.1628,0,0,,
eu,1977,,,,113.3071,307.5857,0,0,,
eu,1978,,,,135.9261,299.4795,0.003,0,,
eu,1979,,,,152.3087,313.9237,0.006,0,,
eu,1980,,,,185.1327,297.7077,0.0105,0,,
eu,1981,,,,266.1452,293.823,0.0105,0,,
eu,1982,,,,290.7709,288.8877,0.0185,0,,
eu,1983,,,,346.2048,294.6816,0.0301,0,,
eu,1984,,,,451.6188,298.8656,0.0382,0,,
eu,1985,792.5076,,166.1276,554.6659,304.6348,0.0574,0,,
eu,1986,793.5814,,169.5561,610.6071,287.7755,0.1336,0,,
eu,1987,800.0355,,176.8699,635.927,315.98,0.1908,0,,
eu,1988,795.2785,,176.5428,684.0027,333.6034,0.3297,0,,
eu,1989,822.5629,,193.1232,721.2092,272.7329,0.5064,0.0091,,
eu,1990,794.09,,183.02,729.11,283.66,0.77,0.01,13.75,3.72
eu,1991,794.41,,182.78,749.29,295.63,1.08,0.01,14.44,3.7
eu,1992,766.93,,172.81,750.51,307.69,1.52,0.02,15.07,3.98
eu,1993,748.72,,177.43,772.85,315.78,2.13,0.02,16.45,4.16
eu,1994,760.33,,187.77,770.46,325.85,3.16,0.02,17.53,3.95
eu,1995,775.91,,202.71,791.87,325.22,3.68,0.03,19.82,3.99
eu,1996,792.6399,,228.12,831.28,327.21,4.38,0.04,19.4,4.3
eu,1997,764.83,,249.2,839.47,331.75,6.68,0.04,23.76,4.46
eu,1998,773.5,,272.12,833.35,342.98,10.39,0.05,26.49,4.79
eu,1999,758.77,,310.65,848.25,340.82,13.34,0.08,27.1,4.99
eu,2000,800.33,226.81,328.19,859.95,350.17,,0.05,30.11,5.29
eu,2001,792.92,229.35,351.41,888.9,373.43,,0.17,31.9,5.09
eu,2002,814.34,240.85,374.6,902.34,312.6,,0.28,36.8,5.25
eu,2003,849.04,227.38,418.9,907.18,304.64,,0.4,43.16,5.92
eu,2004,835.42,205.03,458.48,928.46,323.19,57.54,0.68,52.76,5.99
eu,2005,808.89,203.41,512.54,916.08,307.02,68.1,1.48,61,5.87
eu,2006,816.5,194.13,540.05,914.44,309.98,78.75,2.52,69.86,6.08
eu,2007,828.74,178.6,571.96,872.24,307.72,99.95,3.83,78.43,6.24
eu,2008,757.01,165.74,611.65,884.73,325.59,113.26,7.51,88.09,6.2
eu,2009,703.55,144.78,564.03,824.92,329,124.61,14.22,97.24,5.99
eu,2010,701.2,149.76,587.36,854.47,371.82,139.88,23.49,111.47,6.09
eu,2011,724.81,143.3,556.85,837.77,307.43,165.41,47.71,118.98,6.42
eu,2012,742.68,137.26,482.7,811.95,331.67,187.55,70.5,132.87,6.28
eu,2013,728.9,128.23,413.43,806.23,368.02,209.55,83.76,139.13,6.44
eu,2014,692.78,125.99,355.41,812.57,370.06,222.46,93.6,144.25,6.79
eu,2015,705.03,127.79,394.92,786.69,336,263.28,100.2,149.37,7.09
eu,2016,659.16,128.19,464.78,767.95,345.6,266.91,100.49,151.09,7.23
eu,2017,638.86,126.88,523.62,759.4,294.34,312.43,106.58,153.64,7.23
eu,2018,595.54,120.86,488.95,761.94,343.84,320.76,114.13,155.46,7.14
eu,2019,450.79,110.91,568.62,765.34,320.29,367.29,124.38,159.65,7.23
eu,2020,352.33,97.76,559.7,683.51,347.09,398.16,144.72,162.59,7.23
eu,2021,419,100.41,547.04,731.71,348.25,386.94,163.05,171.56,7.03
eu,2022,448.43,105.86,533.96,609.26,276.19,421.83,209.76,165.27,6.93
eu,2023,318.59,91.08,454.83,619.6,330.44,478.06,254.04,156.84,6.72
eu,2024,270.95,89.11,432.11,649.55,369.68,491.21,307.07,156.85,6.68
eu,2025,256.79,86.45,466.46,652.41,326.37,478.8,367.36,155.6,6.85
france,1965,,,,0.897,46.8811,,,,
france,1966,,,,1.395,52.2085,,,,
france,1967,,,,2.076,45.3777,,,,
france,1968,,,,3.085,50.4226,,,,
france,1969,,,,3.6,52.9421,,,,
france,1970,,,,5.711,56.6815,,,,
france,1971,,,,9.329,48.8567,,,,
france,1972,,,,14.591,48.8315,,,,
france,1973,,,,14.751,47.6963,,,,
france,1974,,,,14.71,56.2303,,,,
france,1975,,,,18.248,60.1079,,,,
france,1976,,,,15.778,48.5646,,,,
france,1977,,,,17.941,76.323,,,,
france,1978,,,,30.452,68.3598,,,,
france,1979,,,,39.96,66.4191,,,,
france,1980,,,,61.251,69.5268,,,,
france,1981,,,,105.326,72.1952,,,,
france,1982,,,,108.919,70.5749,,,,
france,1983,,,,144.261,69.443,,,,
france,1984,,,,191.234,65.6901,,,,
france,1985,41.443,7.062,3.153,224.1,61.916,,,,
france,1986,31.147,5.437,2.85,254.155,62.483,,,,
france,1987,27.499,5.769,2.436,265.52,70.498,,,,
france,1988,25.049,5.63,2.414,275.521,76.522,,,,
france,1989,32.41,11.728,2.974,303.931,46.637,,,,
france,1990,31.47,12.84,3.03,314.08,52.71,0,0,1.41,0.5
france,1991,39.61,17.91,3.05,331.34,56.32,0,0,1.59,0.52
france,1992,34.23,13.06,3.18,338.45,67.48,0,0,1.62,0.52
france,1993,20.96,10.15,3.5,368.19,63.3,0,0,1.48,0.49
france,1994,20.9,9.14,3.63,359.98,77.03,0,0,1.66,0.5
france,1995,24.18,10.5,3.84,377.23,71.33,0,0,1.82,0.51
france,1996,28.04,11.19,4.12,397.34,64.67,0.01,0,1.93,0.49
france,1997,22.18,11.96,4.9,395.48,62.11,0.01,0,2.16,0.51
france,1998,33.53,16,4.97,387.99,60.77,0.02,0,2.13,0.52
france,1999,29.28,14.61,7.7,394.24,70.82,0.04,0,2.34,0.51
france,2000,27,11.06,11.51,415.16,64.78,0.05,0.01,2.48,0.51
france,2001,20.48,9.8,15.15,421.08,72.62,0.13,0.01,2.85,0.48
france,2002,23.66,9.76,18.37,436.76,58.88,0.27,0.01,3.04,0.49
france,2003,26.26,10.96,19.37,441.07,57.35,0.39,0.01,3.23,0.49
france,2004,24.37,10.22,21.05,448.24,58.04,0.59,0.01,3.31,0.47
france,2005,27.51,12.05,23.07,451.53,50.14,0.96,0.01,3.39,0.48
france,2006,22.89,11.55,21.76,450.19,54.88,2.18,0.01,3.38,0.46
france,2007,24.45,11.37,21.99,439.73,55.99,4.07,0.02,3.75,0.47
france,2008,23.06,10.26,21.88,439.45,62.16,5.69,0.04,3.97,0.47
france,2009,21.67,8.81,20.5,409.74,55.49,7.91,0.17,4.13,0.45
france,2010,23.36,10.04,23.76,428.52,61.2,9.94,0.62,4.44,0.48
france,2011,17.39,12.36,29.49,442.39,45.74,12.37,2.33,5.04,0.54
france,2012,21.46,12.71,22.75,425.41,59.83,15.18,4.43,5.3,0.51
france,2013,23.84,11.41,18.39,423.68,71.92,16.14,5.19,5.68,0.5
france,2014,11.26,11.38,13.16,436.48,63.77,17.32,6.39,5.99,0.56
france,2015,11.89,11.84,21.14,437.43,55.56,21.42,7.75,6.53,0.58
france,2016,10.23,11.44,34.97,403.2,60.84,21.38,8.66,7.52,0.6
france,2017,12.81,12.16,40.5,398.36,50,24.61,8.87,7.78,0.65
france,2018,8.31,10.59,30.55,412.94,65.11,28.6,11.15,8.38,0.61
france,2019,3.64,10.73,39.24,399.01,56.91,34.72,12.02,8.64,0.61
france,2020,3.09,10.05,35.25,353.83,62.52,40.05,13.09,8.76,0.61
france,2021,5.44,10.1,33.31,379.36,59.54,37.12,15.28,9.58,0.58
france,2022,4.16,10.45,45.74,294.73,45.56,38.2,19.34,9.67,0.6
france,2023,1.61,9.43,30.02,338.2,55.9,50.48,22.59,9.94,0.58
france,2024,1.02,9.54,18.1,380.45,71.12,45.43,24.87,10.68,0.57
france,2025,1.74,10.36,17.25,392.07,59.41,46.49,31.82,10.27,0.57
germany,1965,,,,0.117,16.2122,,,,
germany,1966,,,,0.265,17.534,,,,
germany,1967,,,,1.225,16.6523,,,,
germany,1968,,,,1.766,16.899,,,,
germany,1969,,,,4.937,13.7135,,,,
germany,1970,,,,6.494,17.5337,,,,
germany,1971,,,,6.216,13.4552,,,,
germany,1972,,,,9.522,13.2059,,,,
germany,1973,,,,12.106,15.2295,,,,
germany,1974,,,,14.459,17.6381,,,,
germany,1975,,,,24.138,17.0591,,,,
germany,1976,,,,29.533,13.8468,,,,
germany,1977,,,,41.255,17.5822,,,,
germany,1978,,,,43.873,18.3622,,,,
germany,1979,,,,52.064,18.3837,,,,
germany,1980,,,,55.589,19.0691,,,,
germany,1981,,,,65.533,19.9147,,,,
germany,1982,,,,74.426,19.738,,,,
germany,1983,,,,78.063,18.712,,,,
germany,1984,,,,104.317,18.4792,,,,
germany,1985,312.88,9.595,27.985,138.641,17.4006,,,,
germany,1986,315.312,13.643,29.811,130.489,18.572,0.001,,,
germany,1987,308.479,13.811,32.956,141.725,20.343,0.002,,,
germany,1988,310.385,11.794,33.141,156.82,20.0794,0.008,,,
germany,1989,313.104,10.437,38.575,161.671,18.2437,0.026,,,
germany,1990,310.04,24.75,35.9,152.47,17.43,0.07,0,1.6,0
germany,1991,307.67,27.84,36.3,147.23,14.89,0.22,0,1.87,0
germany,1992,295.67,26.57,33,158.8,17.4,0.29,0,2.04,0
germany,1993,293.25,20.87,32.8,153.28,17.88,0.67,0,1.97,0
germany,1994,290.29,20.53,36.1,150.7,19.93,1.43,0,2.07,0
germany,1995,289.14,21.47,41.1,153.09,21.78,1.71,0,2.43,0
germany,1996,295.99,20.11,45.56,160.02,21.96,2.08,0.01,2.5,0
germany,1997,284.34,20.55,48.1,170.33,17.36,3.03,0.01,2.65,0
germany,1998,292.26,19.74,50.74,161.64,17.22,4.59,0.01,3.06,0
germany,1999,281.27,17.49,51.8,170,19.65,5.53,0.02,3.51,0
germany,2000,296.68,18.05,49.2,169.61,21.73,9.35,0,4.33,0
germany,2001,293.74,20.52,55.5,171.3,22.73,10.46,0.1,4.59,0
germany,2002,299.6,18.53,56.3,164.84,23.12,15.86,0.2,5.31,0
germany,2003,304.63,23.08,62.59,165.06,18.32,19.09,0.31,8.95,0
germany,2004,298.77,23.12,62.67,167.07,20.75,26.02,0.56,10.64,0
germany,2005,288.14,26.53,72.19,163.05,19.64,27.77,1.31,14.71,0
germany,2006,288.93,26.71,74.73,167.27,20.03,31.32,2.27,18.94,0
germany,2007,297.1,26.58,77.45,140.53,21.17,40.51,3.14,24.62,0
germany,2008,275.21,25.74,88.48,148.49,20.44,41.38,4.51,28.02,0.02
germany,2009,253.45,23.23,80.27,134.93,19.03,39.42,6.72,30.89,0.02
germany,2010,262.89,26.59,88.76,140.56,20.95,38.55,11.96,33.92,0.03
germany,2011,262.46,24.47,85.67,107.97,17.67,49.86,19.99,36.89,0.02
germany,2012,276.23,24.77,75.95,99.46,21.75,51.68,26.74,43.2,0.03
germany,2013,288.2,25.25,67,97.29,23,52.74,30.62,45.51,0.08
germany,2014,274.41,24.67,60.61,97.13,19.59,58.5,35.45,48.29,0.1
germany,2015,272.2,25.57,61.47,91.79,18.98,80.62,38.08,50.33,0.13
germany,2016,261.75,25.39,80.62,84.63,20.55,79.92,37.56,50.93,0.17
germany,2017,241.26,25.16,86.04,76.32,20.15,105.69,38.76,50.92,0.16
germany,2018,228.16,23.63,81.56,76,17.69,109.95,44.32,50.79,0.18
germany,2019,171.45,22.4,90,75.07,19.73,125.89,45.22,50.13,0.2
germany,2020,134.6,21.28,95,64.38,18.72,132.11,49.5,50.93,0.23
germany,2021,164.65,22.24,90.31,69.13,19.66,114.16,49.34,49.1,0.24
germany,2022,179.93,21.65,79.05,34.71,17.62,124.81,60.3,48.6,0.21
germany,2023,124.78,20.96,76.66,7.22,21.24,140.54,63.87,51.26,0.19
germany,2024,106.33,20.39,78.41,0,23.83,141.6,74.13,51.08,0.22
germany,2025,103.15,18.91,82.67,0,19.56,136.03,89.62,50.53,0
greece,1965,,,,0,0.801,,,,
greece,1966,,,,0,1.73,,,,
greece,1967,,,,0,1.66,,,,
greece,1968,,,,0,1.368,,,,
greece,1969,,,,0,2.055,,,,
greece,1970,,,,0,2.636,,,,
greece,1971,,,,0,2.652,,,,
greece,1972,,,,0,2.677,,,,
greece,1973,,,,0,2.223,,,,
greece,1974,,,,0,2.347,,,,
greece,1975,,,,0,2.015,,,,
greece,1976,,,,0,1.879,,,,
greece,1977,,,,0,1.922,,,,
greece,1978,,,,0,2.988,,,,
greece,1979,,,,0,3.566,,,,
greece,1980,,,,0,3.405,,,,
greece,1981,,,,0,3.407,,,,
greece,1982,,,,0,3.561,,,,
greece,1983,,,,0,2.34,,,,
greece,1984,,,,0,2.862,,,,
greece,1985,,,,0,2.805,,,,
greece,1986,,,,0,3.235,,,,
greece,1987,,,,0,2.78,0.001,,,
greece,1988,,,,0,2.366,0.001,,,
greece,1989,,,,0,1.9,0.001,,,
greece,1990,25.17,7.17,0.09,0,1.77,0,0,0,0
greece,1991,23.7,8.3,0.09,0,3.1,0,0,0,0
greece,1992,26.61,7.86,0.08,0,2.2,0.01,0,0,0
greece,1993,27.79,7.53,0.08,0,2.28,0.05,0,0,0
greece,1994,29.58,7.72,0.08,0,2.6,0.04,0,0,0
greece,1995,28.7,8.6,0.08,0,3.53,0.03,0,0,0
greece,1996,29.3,8.4,0.08,0,4.35,0.04,0,0,0
greece,1997,30.63,7.93,0.33,0,3.88,0.04,0,0,0
greece,1998,32.45,7.75,1.71,0,3.72,0.07,0,0,0
greece,1999,32.38,7.85,3.91,0,4.59,0.16,0,0,0
greece,2000,34.31,8.57,5.92,0,3.69,0.45,0,0,0
greece,2001,35.43,8.04,6.13,0,2.1,0.76,0,0.08,0
greece,2002,34.57,8.15,7.06,0,2.8,0.65,0,0.13,0
greece,2003,35.17,8.2,8.02,0,4.77,1.02,0,0.1,0
greece,2004,35.38,7.94,8.99,0,4.67,1.12,0,0.12,0
greece,2005,35.54,8.61,8.17,0,5.02,1.27,0,0.12,0
greece,2006,32.26,8.87,10.61,0,5.86,1.7,0,0.11,0
greece,2007,34.68,8.97,14.16,0,2.59,1.82,0,0.18,0
greece,2008,33.36,9.27,13.8,0,3.31,2.24,0.01,0.19,0
greece,2009,34.19,6.97,11.02,0,5.35,2.54,0.05,0.22,0
greece,2010,30.8,5.43,9.85,0,7.47,2.71,0.16,0.19,0
greece,2011,31.07,5.16,14.07,0,4.01,3.32,0.61,0.21,0
greece,2012,31.11,5.19,13.48,0,4.39,3.85,1.69,0.2,0
greece,2013,26.4,4.73,10.88,0,6.35,4.14,3.65,0.22,0
greece,2014,25.75,4.9,6.79,0,4.48,3.69,3.79,0.22,0
greece,2015,22.11,5,9.09,0,6.1,4.62,3.9,0.23,0
greece,2016,18.88,5.1,14.97,0,5.54,5.15,3.93,0.27,0
greece,2017,18.76,5.11,17.13,0,3.96,5.54,3.99,0.31,0
greece,2018,17.19,5.19,14.09,0,5.74,6.3,3.79,0.31,0
greece,2019,12.12,5.23,14.5,0,4,7.27,4.43,0.4,0
greece,2020,6.61,4.12,19.23,0,3.34,9.31,4.45,0.45,0
greece,2021,5.32,4.3,22.49,0,5.9,10.48,5.25,0.5,0
greece,2022,5.76,4.32,19.14,0,3.86,10.88,7.14,0.57,0
greece,2023,4.59,3.98,15.98,0,3.82,11.02,8.89,0.65,0
greece,2024,3.27,4.18,21.53,0,3.58,12.55,11.26,0.71,0
greece,2025,2.74,4.18,22.39,0,3.42,11.91,12.92,0.71,0
india,1965,,,,0,19.1669,0,,,
india,1966,,,,0,20.0155,0,,,
india,1967,,,,0,22.3975,0,,,
india,1968,,,,0,25.8491,0,,,
india,1969,,,,0.7248,28.6996,0,,,
india,1970,,,,1.3081,30.4364,0,,,
india,1971,,,,0.9723,33.3841,0,0,,
india,1972,,,,0.9237,32.403,0,0,,
india,1973,,,,1.9534,34.5067,0,0,,
india,1974,,,,1.7987,33.203,0,0,,
india,1975,,,,2.1434,39.6685,0,0,,
india,1976,,,,2.6561,41.4982,0,0,,
india,1977,,,,1.8517,45.2768,0,0,,
india,1978,,,,2.2627,56.175,0,0,,
india,1979,,,,2.3467,54.1686,0,0,,
india,1980,,,,2.4483,55.4414,0,0,,
india,1981,,,,2.466,59.083,0,0,,
india,1982,,,,2.1567,49.8597,0,0,,
india,1983,,,,3.0759,48.0433,0,0,,
india,1984,,,,4.0393,53.6825,0,0,,
india,1985,116.039,11.868,2.158,4.5078,51.813,0,0,,
india,1986,129.902,11.504,3.682,5.0204,52.5688,0,0,,
india,1987,152.8,12.351,4.235,5.321,48.9625,0,0,,
india,1988,164.676,12.333,3.604,6.0767,54.6149,0,0,,
india,1989,184.975,12.805,7.275,4.0217,63.3698,0,0,,
india,1990,191.633,13.312,9.958,6.3949,66.3971,0.0303,0,,
india,1991,214.118,13.444,13.355,5.4138,73.9189,0.1129,0,,
india,1992,229.412,14.811,16.258,6.4037,70.0607,0.0885,0,,
india,1993,252.784,14.208,17.878,6.2269,70.7325,0.0948,0,,
india,1994,264.609,15.747,21.882,4.9453,80.2121,0.1913,0,,
india,1995,296.292,16.826,29.434,7.6146,75.9209,0.4965,0.001,,
india,1996,312.234,19.848,32.024,8.4013,69.0575,0.8784,0.0061,,
india,1997,325.827,20.889,40.179,10.0718,70.211,0.988,0.0061,,
india,1998,336.484,21.038,50.175,11.3711,83.6327,1.079,0.0061,,
india,1999,365.436,24.802,59.009,12.7279,82.2494,1.446,0.0061,,
india,2000,390.23,29.16,55.96,15.77,76.99,1.58,0.01,1.69,0
india,2001,408.29,26.79,55.93,18.89,72.02,2.09,0.01,2.07,0
india,2002,426.7,27.93,62.88,19.35,68.54,2.09,0.01,2.14,0
india,2003,441.47,31.09,72.8,18.14,69.3,2.6,0.02,2.71,0
india,2004,463.01,28.27,76.58,21.26,100.64,5.23,0.02,3.31,0
india,2005,478.48,25.37,75.47,17.73,97.42,5.99,0.02,4.04,0
india,2006,505.46,19.08,74.7,17.63,112.62,9.34,0.01,5.59,0
india,2007,533.27,13.36,90.05,17.83,122.61,11.68,0.06,7.4,0
india,2008,573.12,15.27,85.88,15.23,115.17,14.38,0.06,9.3,0
india,2009,611.11,13.08,104.37,16.82,106.34,16.27,0.08,10.56,0
india,2010,642.97,10.78,118.03,23.08,108.74,19.46,0.11,13.22,0
india,2011,701.25,9.35,117.56,32.22,131.7,23.95,0.83,15.46,0
india,2012,787.13,10.07,96.25,33.14,115.78,27.43,2.1,16.52,0
india,2013,847.97,10.65,66.31,33.31,131.98,30.01,3.43,17.57,0
india,2014,949.93,11.55,64.01,34.69,139,33.45,4.91,21.14,0
india,2015,1006.55,9.26,64.77,38.31,133.48,32.74,7.09,18.36,0
india,2016,1073.6,9.41,72.62,37.9,128.55,43.45,12.2,17.2,0
india,2017,1115.24,8.79,74.99,37.41,135.98,52.63,22.36,14.99,0
india,2018,1198.86,6.4,71.26,39.05,139.92,60.31,37.45,18.4,0
india,2019,1198.76,3.07,71.95,45.16,162.29,63.31,37.45,18.99,0
india,2020,1143.78,3.09,74.79,44.61,163.94,60.43,52.91,19.88,0
india,2021,1255.56,3.39,60.4,43.92,160.57,68.09,65.59,21.2,0
india,2022,1344.42,3.48,46.17,46.19,175.09,70.05,95.92,23.29,0
india,2023,1445.44,3.85,50.8,48.2,149.43,82.11,115.42,23.01,0
india,2024,1517.9,4.09,56.44,54.7,156.53,81.54,143.07,22.25,0
india,2025,1474.15,4.1,48.54,53.83,177.97,103.98,195.99,23.04,0
italy,1965,,,,3.51,42.634,0,0,,
italy,1966,,,,3.863,43.72,0,0,,
italy,1967,,,,3.152,42.34,0,0,,
italy,1968,,,,2.576,42.677,0,0,,
italy,1969,,,,1.679,41.166,0,0,,
italy,1970,,,,3.176,40.373,0,0,,
italy,1971,,,,3.365,39.079,0,0,,
italy,1972,,,,3.626,41.348,0,0,,
italy,1973,,,,3.142,37.523,0,0,,
italy,1974,,,,3.41,37.795,0,0,,
italy,1975,,,,3.8,41.021,0,0,,
italy,1976,,,,3.807,39.176,0,0,,
italy,1977,,,,3.385,51.139,0,0,,
italy,1978,,,,4.428,45.491,0,0,,
italy,1979,,,,2.628,45.947,0,0,,
italy,1980,,,,2.208,45.244,0,0,,
italy,1981,,,,2.707,43.034,0,0,,
italy,1982,,,,6.804,41.461,0,0,,
italy,1983,,,,5.783,41.445,0,0,,
italy,1984,,,,6.887,42.401,0,0,,
italy,1985,30.023,76.174,24.712,7.024,41.092,0,0,,
italy,1986,31.004,77.483,26.871,8.758,41.096,0,0,,
italy,1987,33.035,89.941,31.732,0.174,39.505,0,0,,
italy,1988,33.897,89.702,32.42,0,40.676,0,0,,
italy,1989,31.867,102.784,34.407,0,34.057,0.002,0.002,,
italy,1990,32.05,106.49,39.71,0,31.63,0,0,0.05,3.22
italy,1991,28.5,108.06,36.34,0,42.24,0,0,0.11,3.18
italy,1992,21.36,120.07,35.48,0,42.2,0,0.01,0.1,3.46
italy,1993,16.66,117.9,39.96,0,41.42,0,0.01,0.12,3.67
italy,1994,19.86,119.84,40.8,0,44.66,0.01,0.01,0.15,3.42
italy,1995,24.12,124.79,47,0,37.78,0.01,0.01,0.22,3.44
italy,1996,22.08,120.9,50.19,0,42.04,0.03,0.01,0.38,3.76
italy,1997,20.51,118.51,61.29,0,41.6,0.12,0.01,0.56,3.9
italy,1998,23.31,112.99,70.88,0,41.22,0.23,0.02,0.8,4.21
italy,1999,23.81,97.14,86.98,0,45.37,0.4,0.02,1.13,4.4
italy,2000,26.28,91.43,101.36,0,44.2,0.56,0.02,1.39,4.7
italy,2001,31.73,81.63,104.19,0,46.81,1.18,0.02,1.83,4.51
italy,2002,35.45,94.36,99.41,0,39.52,1.4,0.02,2.71,4.66
italy,2003,38.81,83.3,117.3,0,36.67,1.46,0.02,3.37,5.34
italy,2004,45.52,64.48,129.84,0,42.34,1.84,0.03,4.22,5.44
italy,2005,43.61,53.26,149.33,0,36.07,2.34,0.03,4.67,5.32
italy,2006,44.21,52.62,158.14,0,36.99,2.97,0.04,5.11,5.53
italy,2007,44.11,41.63,172.71,0,32.82,4.03,0.04,5.26,5.57
italy,2008,43.07,37.57,172.77,0,41.62,4.86,0.19,5.97,5.52
italy,2009,39.74,30,147.36,0,49.14,6.54,0.68,7.56,5.34
italy,2010,39.73,27.12,152.81,0,51.12,9.12,1.91,9.44,5.38
italy,2011,44.73,26.09,144.6,0,45.82,9.85,10.8,10.83,5.65
italy,2012,49.14,24.75,129.14,0,41.87,13.41,18.86,12.49,5.59
italy,2013,45.1,20.01,108.91,0,52.77,14.9,21.59,17.08,5.66
italy,2014,43.45,18.74,93.66,0,58.55,15.18,22.31,18.72,5.92
italy,2015,43.2,16.73,110.88,0,45.54,14.84,22.94,19.39,6.18
italy,2016,35.61,16.16,126.17,0,42.43,17.69,22.1,19.5,6.29
italy,2017,32.63,15.21,140.36,0,36.2,17.74,24.38,19.37,6.2
italy,2018,28.47,14.62,128.56,0,48.79,17.72,22.65,19.14,6.11
italy,2019,18.84,13.62,141.7,0,46.32,20.2,23.69,19.55,6.07
italy,2020,13.38,12.83,133.7,0,47.55,18.76,24.94,19.62,6.03
italy,2021,14.02,11.13,144.01,0,45.39,20.93,25.04,19.06,5.91
italy,2022,22.61,15.63,141.47,0,28.4,20.49,28.12,17.61,5.84
italy,2023,13.22,12.79,119.02,0,40.52,23.59,30.71,16.01,5.69
italy,2024,3.95,10.78,118.59,0,53.13,22.22,35.99,17.23,5.67
italy,2025,3.73,6.81,125.05,0,41.7,21.48,44.63,15.61,5.69
japan,1965,,,,0.025,76.07,0,0,,
japan,1966,,,,0.584,79.35,0,0,,
japan,1967,,,,0.629,68.55,0,0,,
japan,1968,,,,1.044,73.45,0,0,,
japan,1969,,,,1.082,75.35,0,0,,
japan,1970,,,,4.581,75.4,0,0,,
japan,1971,,,,8.01,84.2,0,0,,
japan,1972,,,,9.48,85.1,0,0,,
japan,1973,,,,9.707,66.778,0,0,,
japan,1974,,,,19.699,82.68,0,0,,
japan,1975,,,,25.125,83.406,0,0,,
japan,1976,,,,34.079,83.59,0,0,,
japan,1977,,,,31.659,72.968,0,0,,
japan,1978,,,,59.313,70.047,0,0,,
japan,1979,,,,70.393,80.743,0,0,,
japan,1980,,,,82.591,88.292,0,0,,
japan,1981,,,,87.82,87.594,0,0,,
japan,1982,,,,102.43,81.606,0,0,,
japan,1983,,,,114.291,84.273,0,0,,
japan,1984,,,,134.264,71.617,0,0,,
japan,1985,99.3341,183.8602,128.0432,159.578,82.874,0,0,,
japan,1986,98.7743,180.8431,130.8355,165.3697,80.816,0,0,,
japan,1987,107.3332,191.793,135.0383,188.605,74.787,0,0,,
japan,1988,112.1978,213.0489,141.9329,173.8969,90.291,0,0,,
japan,1989,116.8664,231.7963,149.5881,185.8142,91.741,0,0,,
japan,1990,119.2844,287.5378,172.9303,194.5713,86.895,0,0.001,,
japan,1991,125.572,275.4466,184.3441,208.6935,94.416,0,0.001,,
japan,1992,131.9746,282.1415,184.1592,217.0351,80.046,0,0.0105,,
japan,1993,140.2303,238.796,182.324,247.6999,92.58,0.001,0.0225,,
japan,1994,156.8471,281.1169,199.1195,258.248,64.462,0.001,0.029,,
japan,1995,168.6008,248.6747,201.1646,286.8883,78.793,0.001,0.0395,,
japan,1996,178.4443,237.2582,212.9162,296.5012,77.173,0.0019,0.0545,,
japan,1997,188.135,208.9428,219.6773,321.1569,86.44,0.001,0.0963,,
japan,1998,192.2323,192.4044,230.0996,325.9739,89.079,0.0071,0.1432,,
japan,1999,211.6129,193.2381,244.6868,317.2349,83.792,0.0364,0.218,,
japan,2000,238.24,182.78,258.5,319.12,84.47,0.11,0.34,16.11,0
japan,2001,253.91,153.85,256.52,320.54,81.54,0.25,0.5,16.03,0
japan,2002,264.42,172.99,252.76,314.26,80.6,0.41,0.69,16.94,0
japan,2003,292.06,185.22,273.1,230.08,92.47,0.83,0.95,17.88,0
japan,2004,295.39,169.64,257.86,285.87,91.67,1.44,1.27,18.05,0
japan,2005,319.2,184.95,253.09,293.04,77.56,1.91,1.63,21.69,0
japan,2006,311.34,154.21,280.04,304.29,88.81,2.13,2,21.53,0
japan,2007,317.31,185.18,296.85,279.01,74.51,2.74,2.31,22.2,0
japan,2008,333.7,171.45,324.83,251.74,75.16,2.94,2.59,21.29,0
japan,2009,312.08,105.29,324.72,274.65,70.47,3.43,3.05,20.33,0
japan,2010,316.85,102.5,326.09,292.36,88.5,3.93,3.98,21.83,0
japan,2011,285.07,162.87,379.83,162.93,82.49,4.46,5.44,21.11,0
japan,2012,334.3,207.77,435.49,17.99,77.1,4.73,7.37,22.13,0
japan,2013,362.55,166.48,423.58,14.6,79.33,5.13,12.91,23.18,0
japan,2014,355.6,122.34,450.88,0,81.71,5.01,23.55,23.63,0
japan,2015,349.64,104.44,417.5,4.52,85.77,5.22,34.54,28.49,0
japan,2016,338.59,97.23,458.43,17.68,79.43,5.34,43.33,23.67,0
japan,2017,363.47,56.89,464.13,29.07,79.24,6.22,54.04,23.8,0
japan,2018,360.66,52.21,445.61,49.11,81,7.37,61.22,25.75,0
japan,2019,350.77,37.63,416.95,65.64,73.92,7.46,67.43,27.6,0
japan,2020,340.25,25.31,409.44,43,78.33,8.41,75.92,30.37,0
japan,2021,348.26,31.27,385.78,61.22,79.63,9.54,84.18,34.79,0
japan,2022,350.99,45.78,378.84,51.77,74.87,9.42,91.07,37.83,0
japan,2023,326.93,32.5,346.98,77.46,74.53,9.96,96.36,42.01,0
japan,2024,327.13,25,346.24,84.91,79.45,11.54,96.7,45.42,0
japan,2025,330.08,25.39,337.57,94.09,73.9,12.85,101.06,54.92,0
nether,1968,,,,0.028,0,0,0,,
nether,1969,,,,0.315,0,0,0,,
nether,1970,,,,0.368,0,0,0,,
nether,1971,,,,0.405,0,0,0,,
nether,1972,,,,0.326,0,0,0,,
nether,1973,,,,1.108,0,0,0,,
nether,1974,,,,3.277,0,0,0,,
nether,1975,,,,3.335,0,0,0,,
nether,1976,,,,3.872,0,0,0,,
nether,1977,,,,3.71,0,0,0,,
nether,1978,,,,4.06,0,0,0,,
nether,1979,,,,3.489,0,0,0,,
nether,1980,,,,4.2,0,0,0,,
nether,1981,,,,3.658,0,0,0,,
nether,1982,,,,3.897,0,0,0,,
nether,1983,,,,3.589,0,0,0,,
nether,1984,,,,3.711,0,0,0,,
nether,1985,14.833,3.258,38.213,3.899,0.003,0,0,,
nether,1986,15.138,3.456,41.502,4.216,0.003,0.001,0,,
nether,1987,16.948,3.659,41.292,3.556,0.001,0.002,0,,
nether,1988,22.255,3.796,36.428,3.675,0.002,0.016,0,,
nether,1989,22.156,3.307,39.93,4.019,0.037,0.023,0,,
nether,1990,25.01,4.84,36.53,3.5,0.09,0.06,0,0.67,0
nether,1991,22.66,5.29,41.01,3.33,0.1,0.09,0,0.74,0
nether,1992,22.63,4.95,43.46,3.8,0.12,0.15,0,0.73,0
nether,1993,21.41,5.3,44.12,3.95,0.09,0.17,0,0.84,0
nether,1994,24.11,5.38,43.54,3.97,0.1,0.24,0,0.92,0
nether,1995,27.4,4.94,42.01,4.02,0.09,0.32,0,1,0
nether,1996,25.82,5.19,47.08,4.16,0.08,0.44,0,1.3,0
nether,1997,24.44,5.58,50.66,2.41,0.09,0.47,0,1.45,0
nether,1998,26.43,5.77,51.06,3.81,0.11,0.64,0,1.57,0
nether,1999,21.92,5.75,51.15,3.83,0.09,0.64,0.01,1.77,0
nether,2000,24.28,5.36,51.52,3.93,0.14,0.83,0.01,1.99,0
nether,2001,25.48,5.6,53.77,3.98,0.12,0.83,0.01,2.35,0
nether,2002,25.99,5.48,55.28,3.91,0.11,0.95,0.02,2.9,0
nether,2003,26.57,5.9,55.02,4.02,0.07,1.32,0.03,2.54,0
nether,2004,24.95,5.76,59.99,3.82,0.09,1.87,0.03,3.31,0
nether,2005,23.5,5.97,57.6,4,0.09,2.07,0.04,5.26,0
nether,2006,23.74,5.11,57.14,3.47,0.11,2.74,0.04,5.17,0
nether,2007,24.92,5.96,61.01,4.2,0.11,3.44,0.04,4,0
nether,2008,23.48,5.67,63.36,4.17,0.1,4.26,0.04,5.13,0
nether,2009,24.28,4.12,68.87,4.25,0.1,4.58,0.04,6.11,0
nether,2010,22.59,5.02,75.33,3.97,0.1,3.99,0.06,7.04,0
nether,2011,21.39,5.32,69.47,4.14,0.06,5.1,0.1,7.06,0
nether,2012,24.21,5.12,56.56,3.91,0.1,4.98,0.19,7.2,0
nether,2013,24.61,4.89,56.07,2.89,0.11,5.63,0.41,5.95,0
nether,2014,29.49,5.35,51.52,4.09,0.11,5.8,0.73,5.01,0
nether,2015,39.39,6.02,45.81,4.08,0.09,7.55,1.11,4.94,0
nether,2016,36.82,5.87,52.53,3.96,0.1,8.17,1.6,4.91,0
nether,2017,31.38,6.1,57.73,3.4,0.06,10.57,2.2,4.6,0
nether,2018,27.58,5.5,57.63,3.51,0.07,10.55,3.71,4.55,0
nether,2019,17.69,4.93,70.72,3.91,0.07,11.51,5.4,5.82,0
nether,2020,7.62,5,72.52,4.09,0.05,15.27,8.57,8.84,0
nether,2021,14.6,5.33,56.69,3.83,0.09,18.13,11.3,10.92,0
nether,2022,14.8,5.16,47.74,4.16,0.05,21.57,16.66,9.82,0
nether,2023,8.71,4.33,46.09,3.99,0.07,29.52,19.61,7.64,0
nether,2024,7.47,4.93,44.29,3.57,0.09,33.48,21.82,6.68,0
nether,2025,9.55,5.23,47.09,3.99,0.05,33.7,28.5,6.85,0
norway,1965,,,,0,49.452,0,0,,
norway,1966,,,,0,48.744,0,0,,
norway,1967,,,,0,53.301,0,0,,
norway,1968,,,,0,60.205,0,0,,
norway,1969,,,,0,57.371,0,0,,
norway,1970,,,,0,57.808,0,0,,
norway,1971,,,,0,63.245,0,0,,
norway,1972,,,,0,67.417,0,0,,
norway,1973,,,,0,72.867,0,0,,
norway,1974,,,,0,76.597,0,0,,
norway,1975,,,,0,77.33,0,0,,
norway,1976,,,,0,81.933,0,0,,
norway,1977,,,,0,72.022,0,0,,
norway,1978,,,,0,80.706,0,0,,
norway,1979,,,,0,88.698,0,0,,
norway,1980,,,,0,83.613,0,0,,
norway,1981,,,,0,92.834,0,0,,
norway,1982,,,,0,92.499,0,0,,
norway,1983,,,,0,105.688,0,0,,
norway,1984,,,,0,105.903,0,0,,
norway,1985,,,,0,102.383,0,0,,
norway,1986,,,,0,96.201,0,0,,
norway,1987,,,,0,103.273,0,0,,
norway,1988,,,,0,108.857,0,0,,
norway,1989,,,,0,118.4,0,0,,
norway,1990,0.04,0.21,0,0,121.14,0,0,0.21,0
norway,1991,0.05,0.17,0,0,110.13,0,0,0.21,0
norway,1992,0.05,0.16,0,0,116.67,0,0,0.23,0
norway,1993,0.05,0.18,0.01,0,119.23,0.01,0,0.24,0
norway,1994,0.06,0.19,0.15,0,111.64,0.01,0,0.27,0
norway,1995,0.06,0.17,0.19,0,121.53,0.01,0,0.29,0
norway,1996,0.05,0.19,0.28,0,103.86,0.01,0,0.3,0
norway,1997,0.04,0.19,0.24,0,109.78,0.01,0,0.24,0
norway,1998,0.04,0.18,0.22,0,115.7,0.01,0,0.27,0
norway,1999,0.04,0.22,0.28,0,121.45,0.03,0,0.27,0
norway,2000,0.04,0.16,0.21,0,141.82,0.03,0,0.26,0
norway,2001,0.04,0.3,0.24,0,120.46,0.03,0,0.25,0
norway,2002,0.04,0.3,0.2,0,129.37,0.08,0,0.25,0
norway,2003,0.04,0.3,0.3,0,105.48,0.22,0,0.33,0
norway,2004,0.04,0.3,0.37,0,108.78,0.25,0,0.36,0
norway,2005,0.04,0.31,0.38,0,135.69,0.5,0,0.33,0
norway,2006,0.04,0.31,0.47,0,119.37,0.64,0,0.39,0
norway,2007,0.04,0.37,0.76,0,133.66,0.89,0,0.39,0
norway,2008,0.04,0.36,0.44,0,139.04,0.91,0,0.4,0
norway,2009,0.04,0.22,4.23,0,125.28,0.97,0,0.23,0
norway,2010,0.04,0.34,4.8,0,116.74,0.87,0,0.35,0
norway,2011,0.04,0.27,3.71,0,120.28,1.29,0,0.34,0
norway,2012,0.04,0.31,2.24,0,141.72,1.54,0,0.33,0
norway,2013,0.04,0.61,2.07,0,128.14,1.88,0,0.4,0
norway,2014,0.04,0.68,2.22,0,135.47,2.22,0,0.25,0
norway,2015,0.04,0.69,2.2,0,137.3,2.52,0,0.25,0
norway,2016,0.04,0.63,2.21,0,142.81,2.11,0,0.23,0
norway,2017,0.04,0.69,2.06,0,142.37,2.85,0,0.26,0
norway,2018,0.04,0.67,2.18,0,138.98,3.87,0,0.2,0
norway,2019,0.04,0.66,2.06,0,125.29,5.52,0.01,0.25,0
norway,2020,0.04,0.64,1.61,0,141.8,9.91,0.08,0.24,0
norway,2021,0.04,0.72,0.31,0,143.97,11.76,0.11,0.22,0
norway,2022,0.04,0.78,1.15,0,128.24,14.8,0.17,0.24,0
norway,2023,0.03,0.79,1.53,0,136.71,13.96,0.36,0.25,0
norway,2024,0,0.72,1.47,0,139.55,14.6,0.53,0.24,0
norway,2025,0,0.71,0.9,0,144.77,13.56,0.53,0.24,0.1
poland,1965,,,,0,0.896,0,0,,
poland,1966,,,,0,0.896,0,0,,
poland,1967,,,,0,0.957,0,0,,
poland,1968,,,,0,1.005,0,0,,
poland,1969,,,,0,0.81,0,0,,
poland,1970,,,,0,1.771,0,0,,
poland,1971,,,,0,1.569,0,0,,
poland,1972,,,,0,1.503,0,0,,
poland,1973,,,,0,1.456,0,0,,
poland,1974,,,,0,2.122,0,0,,
poland,1975,,,,0,1.99,0,0,,
poland,1976,,,,0,1.645,0,0,,
poland,1977,,,,0,1.957,0,0,,
poland,1978,,,,0,1.951,0,0,,
poland,1979,,,,0,1.807,0,0,,
poland,1980,,,,0,2.349,0,0,,
poland,1981,,,,0,2.137,0,0,,
poland,1982,,,,0,1.543,0,0,,
poland,1983,,,,0,1.675,0,0,,
poland,1984,,,,0,1.408,0,0,,
poland,1985,131.5209,1.68,0.081,0,1.852,0,0,,
poland,1986,134.281,1.622,0.063,0,1.549,0,0,,
poland,1987,139.5871,1.698,0.165,0,1.661,0,0,,
poland,1988,138.2096,1.626,0.097,0,1.793,0,0,,
poland,1989,139.6675,1.691,0.115,0,1.609,0,0,,
poland,1990,130.36,2.45,0.13,0,1.44,0,0,0.05,0
poland,1991,128.75,2.36,0.11,0,1.42,0,0,0.08,0
poland,1992,126.58,2.38,0.1,0,1.51,0,0,0.11,0
poland,1993,127.67,2.46,0.1,0,1.49,0,0,0.06,0
poland,1994,128.39,2.97,0.15,0,1.73,0,0,0.05,0
poland,1995,131.77,3.06,0.26,0,1.89,0,0,0.07,0
poland,1996,135.48,3.33,0.32,0,1.93,0,0,0.13,0
poland,1997,134.74,3.85,0.22,0,1.96,0,0,0.17,0
poland,1998,134.23,3.7,0.31,0,2.31,0,0,0.22,0
poland,1999,133.33,3.7,0.62,0,2.15,0,0,0.19,0
poland,2000,135.89,4.03,0.93,0,2.11,0,0,0.22,0
poland,2001,134.97,4.61,1.36,0,2.33,0.01,0,0.44,0
poland,2002,132.94,4.58,2.2,0,2.28,0.06,0,0.43,0
poland,2003,140.66,4.68,2.42,0,1.67,0.12,0,0.46,0
poland,2004,141.12,5,3.22,0,2.08,0.14,0,0.98,0
poland,2005,141.88,4.4,5.16,0,2.2,0.14,0,1.51,0
poland,2006,147.01,4.82,4.58,0,2.04,0.26,0,1.99,0
poland,2007,144.01,4.6,4.48,0,2.35,0.52,0,2.56,0
poland,2008,138.89,4.32,4.68,0,2.15,0.84,0,3.62,0
poland,2009,133.38,4,4.79,0,2.38,1.08,0,5.23,0
poland,2010,136.51,4.58,4.8,0,2.92,1.66,0,6.3,0
poland,2011,139.76,4.16,5.82,0,2.33,3.2,0,7.6,0
poland,2012,134.57,3.77,6.26,0,2.04,4.75,0,10.09,0
poland,2013,137.72,3.73,5.27,0,2.44,6,0,8.62,0
poland,2014,129.52,3.65,5.33,0,2.18,7.68,0.01,9.98,0
poland,2015,130.52,4.7,6.39,0,1.83,10.86,0.06,9.94,0
poland,2016,130.32,5.04,7.83,0,2.14,12.59,0.12,7.96,0
poland,2017,131.16,4.59,10.03,0,2.56,14.91,0.17,6.49,0
poland,2018,130.56,4.62,12.63,0,1.97,12.8,0.3,6.55,0
poland,2019,118.14,4.82,14.8,0,1.96,15.11,0.71,7.68,0
poland,2020,107.4,4.23,17.29,0,2.12,15.8,1.96,8.35,0
poland,2021,127.57,4.84,15.82,0,2.34,16.23,3.93,8.06,0
poland,2022,124.73,4.82,11.36,0,1.97,19.78,8.31,7.63,0
poland,2023,98.85,4.32,16.49,0,2.41,24.18,11.11,8.16,0
poland,2024,93.5,4.55,20.46,0,2.11,25.89,17.66,7.95,0
poland,2025,87.32,6.53,24.82,0,1.7,24.62,19.55,8.48,0.24
russia,1985,138.3526,113.3371,451.2672,99.3172,159.726,,,,
russia,1986,144.0388,117.9951,469.8137,105.2215,164.331,,,,
russia,1987,149.5933,122.5453,487.9312,124.7022,162.5279,,,,
russia,1988,151.501,124.1081,494.1535,134.8138,160.9236,,,,
russia,1989,153.6016,125.8289,501.0051,136.3385,159.726,,,,
russia,1990,156.8547,128.4938,511.6158,118.325,166.8456,0,0,,
russia,1991,154.736,123.9734,501.3111,119.9838,168.094,0,0,,
russia,1992,154.1114,100.0521,460.1874,119.626,172.594,0,0,,
russia,1993,148.3916,82.8856,429.1682,119.186,174.289,0,0,,
russia,1994,162.4847,73.2704,363.7423,97.82,175.926,0,0,,
russia,1995,160.296,67.7919,353.5442,99.532,176.2552,0,0,,
russia,1996,160.6306,56.5079,364.1111,109.026,154.309,0,0,,
russia,1997,157.0224,51.7923,356.8675,108.498,157.434,0,0,,
russia,1998,162.9727,52.9433,346.5038,103.719,158.497,0,0,,
russia,1999,161.3413,40.9021,358.6336,121.874,160.492,0,0,,
russia,2000,175.62,36.9,370.37,130.71,164.08,0,0,0.08,0
russia,2001,168.77,34.82,376.74,136.93,173.9,0,0,0.11,0
russia,2002,170.36,32.17,384.77,141.63,162.17,0.01,0,0.17,0
russia,2003,172.24,30.84,406.82,150.34,155.67,0.01,0,0.37,0
russia,2004,160.85,27.65,422.56,144.71,175.68,0.01,0,0.45,0
russia,2005,165.74,25.78,440.07,149.45,172.61,0.01,0,0.45,0
russia,2006,177.77,28.85,455.25,156.44,173.29,0.01,0,0.51,0
russia,2007,170.72,21.25,489.14,160.06,177.04,0.01,0,0.48,0
russia,2008,196.64,20.56,494.44,163.08,164.78,0.01,0,0.49,0
russia,2009,164.39,20.6,469.83,163.58,174.2,0,0,0.5,0
russia,2010,166.1,13.96,520.53,170.41,166.48,0,0,0.54,0
russia,2011,165.01,31.99,521.3,172.94,163.05,0.01,0,0.56,0
russia,2012,169.16,32.51,526.11,177.53,163.45,0.01,0,0.5,0
russia,2013,161.87,13.1,529.96,172.51,181.15,0,0.01,0.48,0
russia,2014,158.7,15.68,534.85,180.76,173.4,0.1,0.16,0.55,0
russia,2015,158.55,14.81,529.76,195.47,167.99,0.15,0.34,0.48,0
russia,2016,171.45,15.42,521.81,196.61,184.61,0.15,0.47,0.45,0
russia,2017,174.01,11.39,516.27,203.14,185.16,0.14,0.54,0.52,0
russia,2018,176.61,12.28,523.72,204.58,190.64,0.24,0.62,0.5,0
russia,2019,187.55,13.07,512.33,208.99,194.38,0.31,0.99,0.54,0
russia,2020,174.96,12.42,465.88,215.91,212.44,1.14,1.86,0.81,0
russia,2021,187.14,13.89,513.41,222.39,214.53,2.58,2.31,0.82,0
russia,2022,191.96,14.58,531.59,223.7,197.67,4.2,2.4,0.84,0
russia,2023,204.06,14.36,533.35,217.38,200.87,4.75,2.63,0.85,0
russia,2024,215.17,13.79,545.78,215.71,210.54,4.57,2.92,0.83,0
russia,2025,219.52,14.47,533.17,218.65,199.73,3.64,2.84,0.77,0
safrica,1965,,,,0,0.037,,,,
safrica,1966,,,,0,0.036,,,,
safrica,1967,,,,0,0.026,,,,
safrica,1968,,,,0,0.024,,,,
safrica,1969,,,,0,0.021,,,,
safrica,1970,,,,0,0.025,,,,
safrica,1971,,,,0,0.112,0,0,,
safrica,1972,,,,0,0.834,0,0,,
safrica,1973,,,,0,0.985,0,0,,
safrica,1974,,,,0,1.132,0,0,,
safrica,1975,,,,0,1.12,0,0,,
safrica,1976,,,,0,1.876,0,0,,
safrica,1977,,,,0,1.944,0,0,,
safrica,1978,,,,0,1.907,0,0,,
safrica,1979,,,,0,1.144,0,0,,
safrica,1980,,,,0,0.992,0,0,,
safrica,1981,,,,0,1.653,0,0,,
safrica,1982,,,,0,1.016,0,0,,
safrica,1983,,,,0,0.595,0,0,,
safrica,1984,,,,3.925,0.56,0,0,,
safrica,1985,135.403,0.042,0,5.315,0.624,0,0,,
safrica,1986,135.988,0.042,0,8.803,1.623,0,0,,
safrica,1987,142.773,0.042,0,6.167,1.617,0,0,,
safrica,1988,143.032,0.051,0,10.493,3.162,0,0,,
safrica,1989,148.462,0,0,11.099,2.759,0,0,,
safrica,1990,155.926,0,0,8.449,1.01,0,0,,
safrica,1991,155.388,0,0,9.144,1.98,0,0,,
safrica,1992,156.717,0,0,9.288,0.752,0,0,,
safrica,1993,165.96,0,0,7.255,0.146,0,0,,
safrica,1994,169.402,0,0,9.697,1.074,0,0,,
safrica,1995,173.551,0,0,11.301,0.529,0,0,,
safrica,1996,184.718,0,0,11.775,1.319,0,0,,
safrica,1997,192.869,0,0,12.647,2.092,0,0,,
safrica,1998,187.527,0,0,13.601,1.595,0,0,,
safrica,1999,186.662,0,0,12.837,0.726,0,0,,
safrica,2000,196.07,0,0,13.01,1.1,0,0,0.48,0
safrica,2001,197.23,0,0,10.72,1.72,0,0,0.42,0
safrica,2002,206.03,0,0,11.99,2.08,0,0.02,0.46,0
safrica,2003,220.31,0,0,12.66,0.83,0.01,0.02,0.41,0
safrica,2004,229.88,0,0,13.37,0.95,0.01,0.02,0.38,0
safrica,2005,231.76,0,0.09,11.29,1.33,0.01,0.02,0.43,0
safrica,2006,240.42,0,0.02,10.03,2.9,0.01,0.02,0.41,0
safrica,2007,247.58,1.17,0.09,11.32,2.87,0.01,0.02,0.43,0
safrica,2008,243.3,0.14,0.09,13,1.26,0.02,0.02,0.46,0
safrica,2009,234.74,0.05,0.01,12.81,1.45,0.03,0.02,0.45,0
safrica,2010,243.45,0.2,0.82,13.53,1.14,0.03,0.02,0.4,0
safrica,2011,244.44,0.72,0.89,12.9,3.06,0.04,0.02,0.41,0
safrica,2012,239.68,1.93,1.78,12.97,1.02,0.04,0.03,0.42,0
safrica,2013,233.49,3.66,3.02,14.11,1.1,0.04,0.05,0.48,0
safrica,2014,229.77,3.76,3.14,13.79,1.8,1.07,1.08,0.36,0
safrica,2015,227.3,3.99,0,12.24,0.73,3.07,2.4,0.32,0
safrica,2016,229.58,0.03,0,15.03,0.62,4.21,3.01,0.33,0
safrica,2017,228.7,0.12,0,14.19,0.78,7.02,3.94,0.39,0
safrica,2018,231.01,1.23,0,11.58,1.1,6.41,4.54,0.43,0
safrica,2019,225.26,1.36,0,13.25,0.74,6.63,5.4,0.43,0
safrica,2020,214.08,1.49,0,9.9,1.47,6.41,6.98,0.41,0
safrica,2021,210.92,3.27,0,12.35,2.02,8.65,7.84,0.41,0
safrica,2022,201.77,3.68,0,10.1,3.1,9.7,10.46,0.36,0
safrica,2023,192.29,3.68,0,8.1,2,11.6,14.81,0.47,0
safrica,2024,206.81,1.94,0,7.8,1.1,11.1,18.3,0.47,0
safrica,2025,197.5,1.95,0,10.21,1.83,11.32,19.48,0.47,0
skorea,1965,,,,0,0.7104,,,,
skorea,1966,,,,0,0.9853,,,,
skorea,1967,,,,0,0.9532,,,,
skorea,1968,,,,0,0.9295,,,,
skorea,1969,,,,0,1.4285,,,,
skorea,1970,,,,0,1.2207,,,,
skorea,1971,,,,0,1.32,0,0,,
skorea,1972,,,,0,1.3681,0,0,,
skorea,1973,,,,0,1.2845,0,0,,
skorea,1974,,,,0,1.9059,0,0,,
skorea,1975,,,,0,1.6828,0,0,,
skorea,1976,,,,0,1.7887,0,0,,
skorea,1977,,,,0.0715,1.3927,0,0,,
skorea,1978,,,,2.3244,1.8075,0,0,,
skorea,1979,,,,3.1519,2.2962,0,0,,
skorea,1980,,,,3.4772,1.9204,0,0,,
skorea,1981,,,,2.8972,2.5977,0,0,,
skorea,1982,,,,3.7773,1.7154,0,0,,
skorea,1983,,,,8.9651,2.2942,0,0,,
skorea,1984,,,,11.7921,1.9981,0,0,,
skorea,1985,24.7605,17.4445,0.0578,16.7453,3.185,0,0,,
skorea,1986,24.9953,12.3019,0.0528,28.3112,3.1099,0,0,,
skorea,1987,23.6499,2.4065,9.5365,39.3142,3.9654,0,0,,
skorea,1988,29.5601,8.8175,11.0644,40.1007,1.9872,0,0,,
skorea,1989,30.6195,11.1713,9.9098,47.3652,2.964,0,0,,
skorea,1990,33.5123,13.307,12.3926,52.8866,4.6839,0,0.001,,
skorea,1991,36.8302,20.2129,13.2106,56.3107,3.486,0,0.001,,
skorea,1992,42.3591,23.146,19.5388,56.5302,3.0974,0,0.002,,
skorea,1993,53.5026,25.3282,18.9229,58.1382,4.2275,0.001,0.002,,
skorea,1994,65.1006,37.6005,17.9123,58.6509,2.3461,0.001,0.002,,
skorea,1995,72.0061,29.564,29.2178,67.0286,2.7599,0,0.002,,
skorea,1996,81.7094,29.839,34.7657,73.9243,2.4244,0,0.003,,
skorea,1997,93.9368,28.1261,42.0023,77.0857,2.814,0.001,0.003,,
skorea,1998,102.9498,10.5179,27.8767,89.689,4.2794,0.002,0.004,,
skorea,1999,111.0966,11.9056,29.9125,103.0638,4.1593,0.0058,0.0046,,
skorea,2000,114.88,32.83,29.66,108.96,4.01,0.02,0.01,0.08,0
skorea,2001,127.36,34.28,33.67,112.13,2.33,0.01,0.01,0.09,0
skorea,2002,137.49,29.06,42.93,119.1,3.23,0.01,0.01,0.18,0
skorea,2003,139.13,28.35,45.51,129.67,4.89,0.02,0.01,0.19,0
skorea,2004,143.41,26.06,63.18,130.71,4.31,0.05,0.01,0.29,0
skorea,2005,150.36,23.77,64.49,146.78,3.67,0.13,0.01,0.26,0
skorea,2006,153.99,21.43,74.84,148.75,3.47,0.24,0.03,0.24,0
skorea,2007,170.89,22.72,84.4,142.94,3.63,0.38,0.07,0.38,0
skorea,2008,190.95,14.56,81.7,150.96,3.07,0.44,0.28,0.65,0
skorea,2009,209.35,19.34,71.38,147.77,2.81,0.69,0.57,0.54,0
skorea,2010,218.41,18.03,104.3,148.6,3.68,0.82,0.77,0.42,0
skorea,2011,225.08,15.62,115.34,154.72,4.6,0.86,0.92,1.02,0
skorea,2012,223.43,20.34,128.94,150.33,3.97,0.91,1.13,2.16,0
skorea,2013,223.75,20.55,143.85,138.78,4.29,1.15,1.67,3.12,0
skorea,2014,226.07,14.17,130.84,156.41,2.75,1.15,2.69,6.3,0
skorea,2015,232.68,13.13,122.03,164.76,2.15,1.34,4.23,7.48,0
skorea,2016,232.91,17.43,130.52,161.99,2.85,1.68,5.52,8.08,0
skorea,2017,260.79,9.7,135.16,148.43,2.81,2.17,7.74,9.61,0
skorea,2018,257.67,10.65,163.28,133.51,3.36,2.46,10.17,11.81,0
skorea,2019,245.04,7.43,155.41,145.91,2.79,2.68,14.19,13.35,0
skorea,2020,207.97,6.02,162.54,160.18,3.88,3.15,19.34,14.03,0
skorea,2021,213.32,7.1,181.23,158.01,3.05,3.18,24.72,17.15,0
skorea,2022,209.22,7.12,174.71,176.05,3.54,3.37,30.73,17.85,0
skorea,2023,201.34,6.98,169.61,180.49,3.72,3.39,33.24,18.72,0
skorea,2024,190.78,6.78,178.35,188.75,4.3,3.36,32.72,20.34,0
skorea,2025,194.53,5.95,174.58,184.67,3.8,3.64,37.8,19.69,0
spain,1965,,,,0,19.687,0,0,,
spain,1966,,,,0,27.258,0,0,,
spain,1967,,,,0,22.657,0,0,,
spain,1968,,,,0.083,24.388,0,0,,
spain,1969,,,,0.829,30.603,0,0,,
spain,1970,,,,0.923,27.772,0,0,,
spain,1971,,,,2.523,31.816,0,0,,
spain,1972,,,,4.751,35.469,0,0,,
spain,1973,,,,6.545,28.912,0,0,,
spain,1974,,,,7.223,30.568,0,0,,
spain,1975,,,,7.544,26.065,0,0,,
spain,1976,,,,7.555,20.932,0,0,,
spain,1977,,,,6.524,39.628,0,0,,
spain,1978,,,,7.649,40.251,0,0,,
spain,1979,,,,6.7,46.397,0,0,,
spain,1980,,,,5.186,29.55,0,0,,
spain,1981,,,,9.568,21.942,0,0,,
spain,1982,,,,8.771,26.331,0,0,,
spain,1983,,,,10.661,27.047,0,0,,
spain,1984,,,,23.086,31.484,0,0,,
spain,1985,54.605,7.747,2.514,28.044,31.287,0,0,,
spain,1986,54.808,6.187,2.118,37.458,26.494,0,0,,
spain,1987,54.724,6.436,1.496,41.271,27.383,0,0,,
spain,1988,43.071,6.937,1.365,50.466,35.246,0,0,,
spain,1989,59.622,9.138,1.398,56.126,19.349,0.013,0.0061,,
spain,1990,59.74,9.61,1.51,54.27,25.47,0.01,0.01,0.54,0
spain,1991,58.8,11.16,1.36,55.58,27.25,0.01,0.01,0.54,0
spain,1992,64.22,15.34,1.71,55.78,18.92,0.1,0.01,0.57,0
spain,1993,62.42,10.31,1.2,56.06,24.42,0.12,0.01,0.58,0
spain,1994,61.57,11.01,3.24,55.31,28.24,0.17,0.01,0.64,0
spain,1995,65.91,15.57,3.75,55.46,23.08,0.27,0.02,1.01,0
spain,1996,53.94,14.9,6.79,56.33,39.79,0.36,0.02,1.08,0
spain,1997,62.67,16.02,18.17,55.3,34.75,0.74,0.02,1.46,0
spain,1998,61.58,19.72,16.21,58.99,33.99,1.35,0.02,1.53,0
spain,1999,73.61,26.9,19.06,58.85,22.82,2.74,0.03,1.62,0
spain,2000,79.09,24.95,20.18,62.21,28.26,4.73,0.01,1.49,0
spain,2001,70.27,26.43,23.36,63.71,40.89,6.76,0.02,1.63,0
spain,2002,81.18,30.15,32.39,63.02,21.22,9.34,0.02,2.59,0
spain,2003,74.73,25.57,39.37,61.88,40.48,12.07,0.02,3.18,0
spain,2004,79.1,28.31,55.46,63.61,31.08,15.7,0.02,3.33,0
spain,2005,79.06,31.58,79.01,57.54,18.39,21.18,0.05,2.65,0
spain,2006,66.74,26,90.57,60.13,25.96,23.3,0.12,2.77,0
spain,2007,72.8,20.86,94.8,55.1,27.31,27.57,0.52,2.9,0
spain,2008,48.71,19.16,120.8,58.97,23.36,32.95,2.58,3.26,0
spain,2009,35.91,20.22,107.75,52.76,26.41,38.12,6.06,3.49,0
spain,2010,25.33,17.86,94.85,61.99,42.3,44.27,7.19,4.01,0
spain,2011,43.98,16.8,85.51,57.72,30.6,42.92,9.4,4.61,0
spain,2012,55.07,17.13,73.31,61.47,20.55,49.47,11.97,4.98,0
spain,2013,39.94,15.84,57.54,56.73,36.87,55.64,13.1,5.8,0
spain,2014,43.81,15.79,47.27,57.31,39.17,52.01,13.67,5.41,0
spain,2015,51.37,19.02,52.5,57.2,28.14,49.32,13.86,5.76,0
spain,2016,36.43,18.18,52.83,58.63,36.4,48.9,13.64,5.69,0
spain,2017,45.13,17.24,64.04,58.04,18.32,49.13,14.4,6.08,0
spain,2018,37.34,16.42,58,55.77,34.33,50.89,12.74,5.91,0
spain,2019,12.86,14.61,83.71,58.35,24.65,55.65,15.1,5.57,0.02
spain,2020,5.52,12.12,69.74,58.3,30.51,56.44,20.67,6.14,0.03
spain,2021,4.86,12.08,71.5,56.56,29.63,62.06,27.1,6.94,0.02
spain,2022,7.86,11.69,86.1,58.59,17.59,62.78,35.72,6.8,0.02
spain,2023,3.62,10.48,64.36,56.87,25,64.28,48.59,5.9,0.01
spain,2024,2.58,10.41,52.34,54.53,34.41,62.2,58.29,6.17,0.01
spain,2025,0.92,10.03,62.06,54.07,32.74,58.76,62.9,6.41,0
uk,1920,3.7735,0.1065,0,0,0.0101,0,0,,
uk,1921,4.4719,0.059,0,0,0.0101,0,0,,
uk,1922,5.2036,0.0723,0,0,0.0131,0,0,,
uk,1923,5.9291,0.0778,0,0,0.0151,0,0,,
uk,1924,6.5441,0.0597,0,0,0.0151,0,0,,
uk,1925,6.8197,0.1571,0,0,0.0151,0,0,,
uk,1926,8.3677,0.053,0,0,0.0313,0,0,,
uk,1927,9.1571,0.058,0,0,0.1089,0,0,,
uk,1928,10.204,0.0599,0,0,0.1371,0,0,,
uk,1929,10.3687,0.054,0,0,0.3227,0,0,,
uk,1930,10.7566,0.0583,0,0,0.4195,0,0,,
uk,1931,11.5954,0.0696,0,0,0.357,0,0,,
uk,1932,12.9395,0.0632,0,0,0.3328,0,0,,
uk,1933,14.7398,0.051,0,0,0.4679,0,0,,
uk,1934,16.7024,0.0551,0,0,0.6303,0,0,,
uk,1935,19.3101,0.0573,0,0,0.6736,0,0,,
uk,1936,21.8447,0.0597,0,0,0.7614,0,0,,
uk,1937,23.1086,0.0521,0,0,0.9963,0,0,,
uk,1938,25.0875,0.0503,0,0,0.9903,0,0,,
uk,1939,27.6013,0.0666,0,0,0.8067,0,0,,
uk,1940,31.1526,0.0513,0,0,0.838,0,0,,
uk,1941,34.1294,0.0463,0,0,1.1063,0,0,,
uk,1942,35.1983,0.0367,0,0,1.3402,0,0,,
uk,1943,36.7406,0.0462,0,0,1.1859,0,0,,
uk,1944,35.6987,0.0511,0,0,1.1536,0,0,,
uk,1945,39.5847,0.0864,0,0,1.1486,0,0,,
uk,1946,41.0139,0.1708,0,0,1.1375,0,0,,
uk,1947,44.4571,0.19,0,0,0.8884,0,0,,
uk,1948,46.7321,0.234,0,0,0.7251,0,0,,
uk,1949,52.1807,0.1991,0,0,1.0437,0,0,,
uk,1950,70.3155,0.2836,0,0,1.6966,0,0,,
uk,1951,72.3901,0.2472,0,0,1.8297,0,0,,
uk,1952,76.0148,0.3482,0,0,1.9028,0,0,,
uk,1953,82.1433,0.6294,0,0,2.3988,0,0,,
uk,1954,90.5228,0.7883,0,0,1.7036,0,0,,
uk,1955,96.6266,1.3488,0,0.0635,2.282,0,0,,
uk,1956,99.4655,2.1781,0,0.4477,2.7626,0,0,,
uk,1957,99.7665,9.4902,0,0.3339,2.7167,0,0,,
uk,1958,100.4172,15.5878,0,1.3146,2.7163,0,0,,
uk,1959,110.084,20.2539,0,2.2757,3.1413,0,0,,
uk,1960,118.8651,19.3351,0,2.626,3.8659,0,0,,
uk,1961,131.2113,20.1995,0,3.806,3.9373,0,0,,
uk,1962,144.8472,17.7342,0,6.5119,3.6708,0,0,,
uk,1963,149.3681,20.1204,0,8.3509,4.0337,0,0,,
uk,1964,151.1624,24.3618,0,15.4834,4.642,0,0,,
uk,1965,148.9391,27.7725,0,15.135,4.612,0,0,,
uk,1966,150.1354,28.7339,0,20.217,4.536,0,0,,
uk,1967,166.519,25.1974,0,23.277,4.885,0,0,,
uk,1968,172.5218,32.8126,0.541,26.19,3.722,0,0,,
uk,1969,168.1365,49.5848,0.5477,29.125,3.256,0,0,,
uk,1970,164.3202,57.9522,3.1621,26.012,4.536,0,0,,
uk,1971,148.6824,74.4684,7.9366,27.548,3.373,0,0,,
uk,1972,177.6258,69.4275,3.2731,29.378,3.373,0,0,,
uk,1973,153.4752,69.865,12.4401,27.997,3.838,0,0,,
uk,1974,172.2852,53.9838,11.2367,33.617,4.071,0,0,,
uk,1975,185.3007,43.5339,8.5529,30.338,3.838,0,0,,
uk,1976,188.3309,44.7607,6.7266,36.155,4.536,0,0,,
uk,1977,192.647,49.2926,4.5888,40.021,3.954,0,0,,
uk,1978,208.9292,45.7044,2.8723,37.224,4.071,0,0,,
uk,1979,211.4251,30.429,2.2204,38.308,4.303,0,0,,
uk,1980,212.1389,22.3343,1.1447,37.023,3.954,0,0,,
uk,1981,196.5352,26.7188,1.126,37.969,4.419,0,0,,
uk,1982,200.8247,20.9506,1.1406,43.972,4.536,0,0,,
uk,1983,130.6407,91.762,2.2525,49.928,4.536,0,0,,
uk,1984,182.5217,46.3186,2.9365,53.979,4.536,0,0.001,,
uk,1985,177.163,48.307,2.896,61.095,3.9542,0,0.001,,
uk,1986,201.361,31.235,1.743,59.079,4.7683,0,0.001,,
uk,1987,209.924,26.268,4.532,55.238,4.1868,0,0,,
uk,1988,203.374,28.393,4.778,63.456,4.8846,0,0.001,,
uk,1989,199.938,29.442,4.949,71.734,4.7683,0.009,0,,
uk,1990,206.44,36.83,5,65.75,5.12,0.01,0,0.6,0
uk,1991,211.46,29.82,5.82,70.54,4.54,0.01,0,0.69,0
uk,1992,193.64,31.7,12.58,76.81,5.35,0.03,0,0.93,0
uk,1993,171.25,22.75,34.04,89.35,4.3,0.22,0,1.2,0
uk,1994,161.34,16.7,53.26,88.28,5.12,0.34,0,1.52,0
uk,1995,155.21,22.83,63.74,88.96,4.65,0.39,0,1.64,0
uk,1996,147.27,19.15,84.09,94.67,3.4,0.49,0,1.8,0
uk,1997,121.97,12.41,110.96,98.15,4.4,0.67,0,2.11,0
uk,1998,122.97,13.8,117.8,99.49,5.12,0.88,0,2.65,0
uk,1999,106.18,14.32,142.9,95.13,5.34,0.85,0,3.43,0
uk,2000,119.95,14.06,148.08,85.06,5.09,0.94,0,3.88,0
uk,2001,131.46,11.77,141.91,90.09,4.05,0.96,0,4.53,0
uk,2002,124.28,11.71,152.28,87.85,4.79,1.25,0,5.08,0
uk,2003,138.46,11.49,148.88,88.69,3.23,1.29,0,6.17,0
uk,2004,131.79,10.93,157.06,80,4.84,1.94,0,7.36,0
uk,2005,134.64,12.52,152.64,81.62,4.92,2.9,0.01,9.1,0
uk,2006,148.85,14.04,140.83,75.45,4.59,4.22,0.01,9.28,0
uk,2007,135.94,12.37,165.79,63.03,5.08,5.27,0.01,9.32,0
uk,2008,124.38,13.93,176.22,52.49,5.14,7.13,0.02,9.65,0
uk,2009,103.04,12.88,166.5,69.1,5.23,9.28,0.02,10.71,0
uk,2010,107.59,10.5,175.65,62.14,3.59,10.29,0.04,12.26,0
uk,2011,108.44,8.85,146.5,68.98,5.69,15.96,0.24,13.31,0
uk,2012,142.79,9.26,100.17,70.41,5.31,19.84,1.35,14.74,0
uk,2013,130.26,8.36,95.84,70.61,4.7,28.4,2.01,18.1,0
uk,2014,100.24,8.69,100.89,63.75,5.89,31.95,4.05,22.62,0
uk,2015,75.88,9.41,99.88,70.34,6.3,40.27,7.53,29.26,0
uk,2016,30.67,10.64,143.13,71.73,5.37,37.16,10.41,30.07,0
uk,2017,22.53,9.71,136.75,70.34,5.88,49.65,11.46,31.9,0
uk,2018,16.83,10.24,131.49,65.06,5.44,56.91,12.67,35.11,0.01
uk,2019,6.92,11.26,133.09,56.18,5.93,63.84,12.42,37.54,0.01
uk,2020,5.7,8.84,111.89,50.24,6.88,75.62,12.55,38.58,0
uk,2021,6.79,9.68,122.84,46.1,5.42,64.93,12.13,40.01,0
uk,2022,5.94,11.07,125.11,47.4,5.66,80.21,13.34,35.85,0
uk,2023,3.78,10.82,101.66,40.6,5.54,82.15,13.88,34.1,0
uk,2024,1.9,11.45,86.3,40.59,5.76,83.28,14.79,40.09,0
uk,2025,0.33,12.77,90.91,36.38,5.55,85.84,19.32,41.21,0
usa,1965,,,,3.8492,198.9741,,,,
usa,1966,,,,5.8104,199.9369,,,,
usa,1967,,,,8.0581,227.2208,,,,
usa,1968,,,,13.1878,228.1547,,,,
usa,1969,,,,14.6609,256.0285,,,,
usa,1970,,,,22.9521,253.4924,,,,
usa,1971,,,,40.11,272.254,,,,
usa,1972,,,,56.938,278.716,,,,
usa,1973,,,,87.8731,278.2127,,,,
usa,1974,,,,119.9745,307.2846,,,,
usa,1975,,,,181.5843,306.2148,,,,
usa,1976,,,,201.1616,289.8225,,,,
usa,1977,,,,264.0877,225.8572,,,,
usa,1978,,,,290.9506,286.3285,,,,
usa,1979,,,,268.5838,285.9353,,,,
usa,1980,,,,264.3322,282.0021,,,,
usa,1981,,,,287.0247,266.5098,,,,
usa,1982,,,,297.656,315.5293,,,,
usa,1983,,,,309.1338,338.6776,0.0027,0.003,,
usa,1984,,,,344.8774,327.5872,0.0066,0.0053,,
usa,1985,1507.6647,107.7444,313.9204,403.885,287.1824,0.0058,0.0107,,
usa,1986,1490.1414,146.8655,267.2134,435.8295,296.975,0.0042,0.0142,,
usa,1987,1573.9584,127.4114,293.1407,479.232,255.4102,0.0036,0.0106,,
usa,1988,1656.6158,160.1071,271.8287,554.7085,228.3846,0.0009,0.0092,,
usa,1989,1711.4425,176.7296,379.1708,557.2155,274.7242,2.1334,0.2531,,
usa,1990,1725.1552,135.9787,400.8227,607.2228,292.2809,2.8168,0.3708,,
usa,1991,1722.5359,128.7651,410.2721,644.8054,287.326,2.9808,0.4783,,
usa,1992,1757.5013,107.6927,434.4886,651.3434,251.4257,2.9167,0.4088,,
usa,1993,1831.2108,121.2776,446.1578,642.4118,279.2509,3.0362,0.4752,,
usa,1994,1832.272,113.872,494.8588,674.1472,259.3413,3.4819,0.5019,,
usa,1995,1853.007,80.1657,533.3956,708.8444,311.2198,3.1962,0.5145,,
usa,1996,1945.7542,87.5389,489.3071,710.2406,347.5495,3.2667,0.5413,,
usa,1997,1998.2434,99.5214,515.4824,661.7307,355.9731,3.3212,0.5327,,
usa,1998,2029.0408,138.4948,571.2442,709.1601,322.0893,3.0563,0.5247,,
usa,1999,2037.8633,126.9471,598.2754,766.5833,316.6052,4.5333,0.5183,,
usa,2000,1966.27,116.02,614.99,753.89,270.03,5.59,0.49,60.73,14.09
usa,2001,1903.96,135.59,639.13,768.83,208.14,6.74,0.54,49.75,14.89
usa,2002,1933.13,103.69,691.01,780.06,255.59,10.35,0.55,53.71,16.14
usa,2003,1973.74,132.38,649.91,763.73,267.27,11.19,0.53,53.34,16.85
usa,2004,1978.3,129.88,710.1,788.53,259.93,14.14,0.58,53.54,16.95
usa,2005,2012.87,126.13,760.96,781.99,263.76,17.81,0.55,54.28,16.64
usa,2006,1990.51,71.61,816.44,787.22,282.69,26.59,0.51,54.86,16.51
usa,2007,2016.46,75.19,896.59,806.42,240.61,34.45,0.61,55.54,16.7
usa,2008,1985.8,55.43,882.98,806.21,248.54,55.36,0.86,55.03,17.32
usa,2009,1755.9,48.53,920.98,798.85,268.82,73.89,0.89,54.49,17.47
usa,2010,1847.29,47.5,987.7,806.97,254.7,94.65,1.21,56.09,17.83
usa,2011,1733.43,41.81,1013.69,790.2,312.93,120.18,1.82,56.67,18.14
usa,2012,1514.04,39.09,1225.89,769.33,271.29,140.82,4.33,57.62,18.26
usa,2013,1581.11,40.26,1124.84,789.02,263.88,167.84,9.04,60.86,18.76
usa,2014,1581.71,43.69,1126.61,797.17,253.19,181.65,28.92,63.99,19.08
usa,2015,1352.4,44.44,1333.48,797.18,243.99,190.72,39.03,63.63,19.12
usa,2016,1239.15,39.5,1378.31,805.69,261.13,226.99,54.87,62.76,19.16
usa,2017,1205.84,37.89,1296.44,804.95,293.84,254.3,77.28,62.73,19.04
usa,2018,1149.49,42.68,1469.13,807.08,286.62,272.67,93.36,61.83,18.69
usa,2019,964.96,37.44,1585.81,809.41,282.61,295.88,106.89,57.51,17.87
usa,2020,773.39,34.34,1624.17,789.88,279.95,337.94,130.72,54.7,18.09
usa,2021,898,35.2,1579.19,779.65,246.47,378.2,164.42,54.25,18.24
usa,2022,831.51,38.64,1687.06,771.54,248.76,434.3,205.07,51.85,18.16
usa,2023,675.11,33.13,1806.06,774.87,239.01,421.14,238.94,47.2,18.45
usa,2024,652.16,30.47,1869.9,781.86,237.04,451.9,303.75,46.42,17.52
usa,2025,737.15,31.72,1807.34,784.78,241.7,464.39,388.82,46.19,17.7
world,1900,3.7374,0,0,0,2.6214,0,0,0,0
world,1901,5.0817,0,0,0,3.3175,0,0,0,0
world,1902,6.3417,0,0,0,3.9147,0,0,0,0
world,1903,8.1267,0.0717,0,0,4.6577,0,0,0,0
world,1904,10.1888,0.1437,0,0,5.6083,0,0,0,0
world,1905,12.0951,0.2156,0,0,6.654,0,0,0,0
world,1906,13.6955,0.2878,0,0,7.8651,0,0,0,0
world,1907,15.6151,0.3582,0,0,9.2777,0,0,0,0
world,1908,17.8145,0.4257,0,0,11.4526,0,0,0,0
world,1909,20.2395,0.5253,0,0,13.3689,0,0,0,0
world,1910,22.6509,0.6236,0,0,15.4739,0,0,0,0
world,1911,25.1236,0.7249,0,0,18.3232,0,0,0,0
world,1912,28.444,0.8245,0,0,21.4805,0,0,0,0
world,1913,33.5825,1.1838,0,0,24.6369,0,0,0,0
world,1914,38.9765,1.321,0,0,27.8075,0,0,0,0
world,1915,42.5999,1.42,0,0,31.4548,0,0,0,0
world,1916,47.4695,1.518,0,0,35.4339,0,0,0,0.012
world,1917,52.8525,1.6115,0,0,38.9167,0,0,0,0.02
world,1918,52.8814,1.1822,0,0,48.1617,0,0,0,0.021
world,1919,52.2625,0.7592,0,0,55.077,0,0,0,0.014
world,1920,59.8983,3.739,0.9106,0,51.823,0,0,0,0.007
world,1921,59.9687,3.8891,1.0438,0,50.8132,0,0,0,0.019
world,1922,67.8407,4.4389,1.2502,0,56.8443,0,0,0,0.02
world,1923,78.4158,5.3758,1.572,0,62.0926,0,0,0,0.025
world,1924,86.2338,6.6277,2.7118,0,68.3359,0,0,0,0.027
world,1925,102.6937,5.5562,2.8775,0,75.374,0,0,0,0.031
world,1926,111.0633,5.5648,3.5274,0,87.4122,0,0,0,0.042
world,1927,122.6987,4.9788,4.3859,0,97.2493,0,0,0,0.051
world,1928,131.6204,5.4008,5.5533,0,109.2917,0,0,0,0.059
world,1929,147.2327,7.064,8.1191,0,116.9658,0,0,0,0.06
world,1930,147.2628,7.0912,8.953,0,119.5085,0,0,0,0.057
world,1931,143.2781,7.0769,10.9774,0,114.6824,0,0,0,0.053
world,1932,131.7816,7.5314,8.9376,0,118.4314,0,0,0,0.05
world,1933,142.6442,8.6578,8.6203,0,125.6742,0,0,0,0.076
world,1934,164.9631,8.8547,10.0225,0,132.8345,0,0,0,0.073
world,1935,179.528,9.7113,10.4434,0,151.619,0,0,0,0.082
world,1936,209.1767,12.0113,12.7791,0,161.2315,0,0,0,0.093
world,1937,230.3536,12.2962,13.7975,0,177.9774,0,0,0,0.125
world,1938,240.3723,12.8836,14.0791,0,180.5759,0,0,0,0.203
world,1939,270.3492,17.1751,16.8843,0,188.9158,0,0,0,0.488
world,1940,293.1721,16.2126,16.3224,0,196.1744,0,0,0,0.536
world,1941,326.2721,18.099,17.9428,0,213.3105,0,0,0,0.649
world,1942,345.8795,17.6807,21.4538,0,228.0939,0,0,0,0.893
world,1943,367.9917,19.4979,26.8638,0,249.1508,0,0,0,0.909
world,1944,350.3297,19.1216,31.4563,0,245.7427,0,0,0,0.279
world,1945,317.6024,17.8863,29.0302,0,239.5717,0,0,0,0.092
world,1946,319.5498,24.8028,30.7878,0,261.8394,0,0,0,0.239
world,1947,374.012,29.8519,37.2928,0,269.7288,0,0,0,0.672
world,1948,419.1459,31.0186,46.2078,0,290.2423,0,0,0,0.877
world,1949,431.4026,49.5479,55.4153,0,301.4559,0,0,0,1.056
world,1950,485.1512,57.966,66.2012,0,336.2399,0,0,0,1.278
world,1951,569.1492,47.4355,80.4904,0,368.3129,0,0,0,1.585
world,1952,604.3362,56.7193,95.4042,0,393.6217,0,0,0,1.839
world,1953,669.9913,69.5378,110.6945,0,406.9609,0,0,0,1.88
world,1954,735.9299,61.2642,128.8719,0,433.0945,0,0,0,1.881
world,1955,861.2668,69.5977,131.7772,0,469.8546,0,0,0,1.859
world,1956,954.7658,71.3621,144.6988,0.0612,509.0159,0,0,0,1.779
world,1957,1000.7537,80.3956,163.6947,0.4418,548.145,0,0,0,1.812
world,1958,1022.3617,90.4677,177.9894,0.4908,608.2609,0,0,0,1.93
world,1959,1136.4683,109.8364,217.8023,1.4971,627.6905,0,0,0,2.079
world,1960,1237.4553,139.9703,234.0221,2.888,686.4268,0,0,0.3818,2.544
world,1961,1303.6683,163.2792,257.2741,4.554,723.3621,0,0,0.3989,2.91
world,1962,1414.867,192.9071,285.5757,6.5928,760.8524,0,0,0.3963,3.259
world,1963,1526.4874,223.7441,316.2206,10.5824,800.0823,0,0,0.5346,3.665
world,1964,1651.4291,287.1396,351.4089,14.8921,829.973,0,0,0.5448,4.004
world,1965,1749.3475,325.7827,366.0711,25.5397,923.1981,0,0,0.5525,4.113
world,1966,1815.0444,395.5246,416.4288,34.4333,983.817,0,0,1.6456,4.18
world,1967,1898.849,471.7442,451.3218,41.006,1005.7424,0,0,1.8803,4.4131
world,1968,2029.726,553.3093,525.7948,52.1132,1059.2887,0,0,2.0634,5.0631
world,1969,2107.4617,704.923,590.0909,61.7834,1121.7424,0,0,2.3385,5.4258
world,1970,2137.4202,882.0764,676.398,78.8747,1174.6497,0,0,5.4664,5.3065
world,1971,2098.563,1109.671,697.22,109.7042,1227.2422,0,0,30.884,5.02
world,1972,2182.554,1322.059,737.377,152.1752,1284.629,0,0,30.794,5.967
world,1973,2337.735,1524.483,744.126,203.9016,1303.013,0,0,31.772,7.189
world,1974,2290.848,1481.526,782.21,266.6001,1431.2317,0,0,30.626,7.562
world,1975,2376.0388,1464.9299,806.904,369.8482,1448.8834,0,0,33.518,8.526
world,1976,2598.4392,1634.443,828.802,432.6714,1443.1366,0,0,35.761,9.367
world,1977,2695.148,1687.2161,858.914,538.5478,1491.6724,0,0,37.039,9.35
world,1978,2764.496,1765.0449,888.97,625.7944,1614.3823,0.003,0,37.77,9.143
world,1979,2943.038,1733.007,963.619,650.8599,1695.1862,0.006,0,38.853,11.272
world,1980,3130.3804,1667.9701,999.225,711.9242,1731.6493,0.0105,0,41.525,14.139
world,1981,3173.356,1594.7279,1027.089,840.7507,1768.9036,0.0105,0,42.624,15.928
world,1982,3256.323,1457.488,1052.0131,912.1775,1800.9081,0.0185,0,49.319,16.681
world,1983,3424.6162,1412.332,1079.1381,1033.8127,1877.7689,0.0328,0.003,50.884,18.654
world,1984,3569.465,1348.181,1210.261,1254.5685,1941.3734,0.0448,0.0063,52.55,21.235
world,1985,3748.3848,1110.7574,1426.3318,1488.9216,1979.2437,0.0642,0.0117,53.756,23.547
world,1986,3839.0095,1168.2734,1432.6915,1594.7357,2006.073,0.1388,0.0152,55.025,26.342
world,1987,4058.0767,1183.1753,1516.5096,1734.7332,2033.1924,0.1954,0.0106,55.442,28.612
world,1988,4200.6743,1256.5248,1540.98,1891.2493,2098.3489,0.3316,0.0102,57.82,28.949
world,1989,4376.982,1350.2001,1728.5537,1945.0106,2087.587,2.6498,0.2622,111.433,34.461
world,1990,4460.2417,1366.0886,1788.726,2000.596,2158.622,3.6325,0.3882,113.7921,36.9616
world,1991,4557.0664,1351.4479,1814.145,2096.3098,2208.5442,4.0861,0.5052,81.6393,37.9457
world,1992,4649.81,1329.7062,1828.4281,2112.223,2208.3147,4.7328,0.4666,92.8627,39.8597
world,1993,4727.7744,1268.5427,1862.4302,2184.9646,2341.3206,5.7042,0.5567,96.0014,40.7724
world,1994,4891.716,1303.7799,1923.7316,2225.9788,2355.9055,7.1317,0.597,101.0381,41.5911
world,1995,5038.7197,1261.7917,2034.872,2322.5298,2483.389,8.2721,0.6389,107.2261,40.442
world,1996,5279.495,1247.4423,2100.1453,2406.615,2516.815,9.2156,0.6992,107.8073,42.7159
world,1997,5395.6333,1245.281,2270.331,2390.0642,2561.3557,12.0282,0.7497,114.9099,42.9369
world,1998,5511.2114,1295.5315,2407.8464,2431.1948,2580.9333,15.9293,0.8119,116.834,45.9117
world,1999,5630.671,1267.9204,2600.2073,2523.7056,2600.4688,21.2269,0.9053,124.5495,49.2143
world,2000,5808.81,1324.32,2745.57,2540.46,2629.67,31.15,1.02,154.13,43.65
world,2001,5890.67,1285.24,2914.78,2613.17,2563.72,38.19,1.36,149.55,44.15
world,2002,6144.3,1271.84,3104.81,2654.78,2611.58,52.22,1.72,162.81,45.83
world,2003,6574.95,1296.25,3255.5,2601.05,2611.97,63.2,2.11,176.37,46.61
world,2004,6797.3,1263.66,3503.08,2719.41,2802.61,85.48,2.78,192.41,48.26
world,2005,7167.21,1277.89,3680.54,2726.97,2911.77,104.4,3.95,212.76,48.59
world,2006,7566.97,1175.78,3900.59,2761.59,3018.07,133.2,5.42,226.61,50.76
world,2007,8051.83,1196.05,4219.27,2703.49,3062.78,171.15,7.29,249.29,52.81
world,2008,8074.19,1171.72,4360.99,2694.72,3245.35,220.85,11.85,266.38,56.59
world,2009,7950.77,1071.16,4382.35,2656.76,3241.27,276.26,19.82,286.46,58.66
world,2010,8458,1078.66,4807.86,2725.91,3428.21,345.99,32.21,327.19,59.72
world,2011,8911.04,1186.76,4865.93,2610.34,3488.07,439.98,63.56,345.27,61.08
world,2012,8960.28,1238.6,5161.35,2432.22,3660.17,529.26,96.92,374.02,62.84
world,2013,9423.85,1196.83,5058.36,2448.52,3790.79,634.14,131.75,406.47,64.32
world,2014,9603.84,1143.66,5214.12,2498.73,3870.67,706.1,197.74,442.68,69.53
world,2015,9283.61,1133.29,5539.88,2532.93,3882.13,829.63,256.01,471.79,73.08
world,2016,9327.96,1085.11,5849.92,2571.05,4014.75,960.3,327.47,482.08,75.87
world,2017,9655.05,993.83,5973.6,2594.23,4054.03,1139.44,444.65,507.39,78.82
world,2018,10033.03,908.6,6224.56,2658.7,4176.84,1268.14,575.16,537.74,81.72
world,2019,9826.39,855.03,6401.31,2754.08,4227.76,1420.96,697.94,566,82.95
world,2020,9437.05,775.88,6382.94,2648.33,4347.02,1591.47,853.39,601.17,86.12
world,2021,10156.49,842.25,6556.63,2762.44,4288.7,1856.94,1053.99,655.3,86.33
world,2022,10240.44,887.42,6628.27,2639.64,4324.07,2107.66,1333.12,669.2,87.94
world,2023,10395.94,876.79,6699.42,2697.74,4240.11,2319.18,1664.14,683.62,88.4
world,2024,10538.94,853.84,6882.73,2777.11,4433.65,2509.5,2142.65,703.37,88.44
world,2025,10471.53,841.62,6921.14,2811.57,4434.97,2713.14,2778.64,710.41,89.33
