# Gross electricity production by detailed fuel, TWh (converted from GWh).
# Source: Eurostat, nrg_bal_peh "Production of electricity and derived heat by type of fuel",
#   indicator GEP (gross electricity production). (c) European Union; reuse permitted with attribution.
#   https://ec.europa.eu/eurostat/databrowser/view/nrg_bal_peh
# Trimmed by data/stage-energy-sources.mjs.
entity,year,fuel,subfuel,twh
czechia,1990,bio,bio-solid,0
czechia,1990,coal,coal-anthr,0
czechia,1990,coal,coal-bitum,5.734
czechia,1990,coal,coal-coking,0
czechia,1990,coal,coal-lignite,41.286
czechia,1990,coal,coal-subbit,0
czechia,1990,otherren,or-geo,0
czechia,1990,otherren,or-tidal,0
czechia,1991,bio,bio-solid,0
czechia,1991,coal,coal-anthr,0
czechia,1991,coal,coal-bitum,5.583
czechia,1991,coal,coal-coking,0
czechia,1991,coal,coal-lignite,40.016
czechia,1991,coal,coal-subbit,0
czechia,1991,otherren,or-geo,0
czechia,1991,otherren,or-tidal,0
czechia,1992,bio,bio-solid,0
czechia,1992,coal,coal-anthr,0
czechia,1992,coal,coal-bitum,5.378
czechia,1992,coal,coal-coking,0
czechia,1992,coal,coal-lignite,38.528
czechia,1992,coal,coal-subbit,0
czechia,1992,otherren,or-geo,0
czechia,1992,otherren,or-tidal,0
czechia,1993,bio,bio-solid,0.044
czechia,1993,coal,coal-anthr,0
czechia,1993,coal,coal-bitum,5.295
czechia,1993,coal,coal-coking,0
czechia,1993,coal,coal-lignite,37.968
czechia,1993,coal,coal-subbit,0
czechia,1993,otherren,or-geo,0
czechia,1993,otherren,or-tidal,0
czechia,1994,bio,bio-solid,0.182
czechia,1994,coal,coal-anthr,0
czechia,1994,coal,coal-bitum,5.025
czechia,1994,coal,coal-coking,0
czechia,1994,coal,coal-lignite,37.211
czechia,1994,coal,coal-subbit,0
czechia,1994,otherren,or-geo,0
czechia,1994,otherren,or-tidal,0
czechia,1995,bio,bio-solid,0.302
czechia,1995,coal,coal-anthr,0
czechia,1995,coal,coal-bitum,6.958
czechia,1995,coal,coal-coking,0
czechia,1995,coal,coal-lignite,37.384
czechia,1995,coal,coal-subbit,0
czechia,1995,otherren,or-geo,0
czechia,1995,otherren,or-tidal,0
czechia,1996,bio,bio-solid,0.254
czechia,1996,coal,coal-anthr,0
czechia,1996,coal,coal-bitum,7.343
czechia,1996,coal,coal-coking,0
czechia,1996,coal,coal-lignite,38.086
czechia,1996,coal,coal-subbit,0
czechia,1996,otherren,or-geo,0
czechia,1996,otherren,or-tidal,0
czechia,1997,bio,bio-solid,0.344
czechia,1997,coal,coal-anthr,0
czechia,1997,coal,coal-bitum,4.35
czechia,1997,coal,coal-coking,0
czechia,1997,coal,coal-lignite,41.376
czechia,1997,coal,coal-subbit,0
czechia,1997,otherren,or-geo,0
czechia,1997,otherren,or-tidal,0
czechia,1998,bio,bio-solid,0.428
czechia,1998,coal,coal-anthr,0
czechia,1998,coal,coal-bitum,4.513
czechia,1998,coal,coal-coking,0
czechia,1998,coal,coal-lignite,40.804
czechia,1998,coal,coal-subbit,0
czechia,1998,otherren,or-geo,0
czechia,1998,otherren,or-tidal,0
czechia,1999,bio,bio-solid,0.528
czechia,1999,coal,coal-anthr,0
czechia,1999,coal,coal-bitum,4.254
czechia,1999,coal,coal-coking,0
czechia,1999,coal,coal-lignite,39.897
czechia,1999,coal,coal-subbit,0
czechia,1999,otherren,or-geo,0
czechia,1999,otherren,or-tidal,0
czechia,2000,bio,bio-solid,0.382
czechia,2000,coal,coal-anthr,0
czechia,2000,coal,coal-bitum,5.515
czechia,2000,coal,coal-coking,0
czechia,2000,coal,coal-lignite,47.237
czechia,2000,coal,coal-subbit,0
czechia,2000,otherren,or-geo,0
czechia,2000,otherren,or-tidal,0
czechia,2001,bio,bio-solid,0.381
czechia,2001,coal,coal-anthr,0
czechia,2001,coal,coal-bitum,5.673
czechia,2001,coal,coal-coking,0
czechia,2001,coal,coal-lignite,46.921
czechia,2001,coal,coal-subbit,0
czechia,2001,otherren,or-geo,0
czechia,2001,otherren,or-tidal,0
czechia,2002,bio,bio-solid,0.367
czechia,2002,coal,coal-anthr,0
czechia,2002,coal,coal-bitum,5.371
czechia,2002,coal,coal-coking,0
czechia,2002,coal,coal-lignite,44.466
czechia,2002,coal,coal-subbit,0
czechia,2002,otherren,or-geo,0
czechia,2002,otherren,or-tidal,0
czechia,2003,bio,bio-solid,0.373
czechia,2003,coal,coal-anthr,0
czechia,2003,coal,coal-bitum,5.576
czechia,2003,coal,coal-coking,0
czechia,2003,coal,coal-lignite,45.134
czechia,2003,coal,coal-subbit,0
czechia,2003,otherren,or-geo,0
czechia,2003,otherren,or-tidal,0
czechia,2004,bio,bio-solid,0.5645
czechia,2004,coal,coal-anthr,0
czechia,2004,coal,coal-bitum,5.895
czechia,2004,coal,coal-coking,0
czechia,2004,coal,coal-lignite,44.356
czechia,2004,coal,coal-subbit,0
czechia,2004,otherren,or-geo,0
czechia,2004,otherren,or-tidal,0
czechia,2005,bio,bio-solid,0.5603
czechia,2005,coal,coal-anthr,0
czechia,2005,coal,coal-bitum,5.498
czechia,2005,coal,coal-coking,0
czechia,2005,coal,coal-lignite,43.96
czechia,2005,coal,coal-subbit,0
czechia,2005,otherren,or-geo,0
czechia,2005,otherren,or-tidal,0
czechia,2006,bio,bio-solid,0.7311
czechia,2006,coal,coal-anthr,0
czechia,2006,coal,coal-bitum,5.999
czechia,2006,coal,coal-coking,0
czechia,2006,coal,coal-lignite,43.619
czechia,2006,coal,coal-subbit,0
czechia,2006,otherren,or-geo,0
czechia,2006,otherren,or-tidal,0
czechia,2007,bio,bio-solid,0.9681
czechia,2007,coal,coal-anthr,0
czechia,2007,coal,coal-bitum,7.206
czechia,2007,coal,coal-coking,0
czechia,2007,coal,coal-lignite,46.555
czechia,2007,coal,coal-subbit,0
czechia,2007,otherren,or-geo,0
czechia,2007,otherren,or-tidal,0
czechia,2008,bio,bio-solid,1.1705
czechia,2008,coal,coal-anthr,0
czechia,2008,coal,coal-bitum,5.788
czechia,2008,coal,coal-coking,0
czechia,2008,coal,coal-lignite,42.98
czechia,2008,coal,coal-subbit,0
czechia,2008,otherren,or-geo,0
czechia,2008,otherren,or-tidal,0
czechia,2009,bio,bio-solid,1.3963
czechia,2009,coal,coal-anthr,0
czechia,2009,coal,coal-bitum,5.567
czechia,2009,coal,coal-coking,0
czechia,2009,coal,coal-lignite,40.362
czechia,2009,coal,coal-subbit,0
czechia,2009,otherren,or-geo,0
czechia,2009,otherren,or-tidal,0
czechia,2010,bio,bio-solid,1.4922
czechia,2010,coal,coal-anthr,0
czechia,2010,coal,coal-bitum,6.052
czechia,2010,coal,coal-coking,0
czechia,2010,coal,coal-lignite,40.83
czechia,2010,coal,coal-subbit,0
czechia,2010,otherren,or-geo,0
czechia,2010,otherren,or-tidal,0
czechia,2011,bio,bio-solid,1.6846
czechia,2011,coal,coal-anthr,0
czechia,2011,coal,coal-bitum,5.694
czechia,2011,coal,coal-coking,0
czechia,2011,coal,coal-lignite,40.991
czechia,2011,coal,coal-subbit,0
czechia,2011,otherren,or-geo,0
czechia,2011,otherren,or-tidal,0
czechia,2012,bio,bio-solid,1.8173
czechia,2012,coal,coal-anthr,0
czechia,2012,coal,coal-bitum,4.896
czechia,2012,coal,coal-coking,0
czechia,2012,coal,coal-lignite,39.08
czechia,2012,coal,coal-subbit,0
czechia,2012,otherren,or-geo,0
czechia,2012,otherren,or-tidal,0
czechia,2013,bio,bio-solid,1.6833
czechia,2013,coal,coal-anthr,0
czechia,2013,coal,coal-bitum,5.266
czechia,2013,coal,coal-coking,0
czechia,2013,coal,coal-lignite,35.846
czechia,2013,coal,coal-subbit,0
czechia,2013,otherren,or-geo,0
czechia,2013,otherren,or-tidal,0
czechia,2014,bio,bio-solid,1.9922
czechia,2014,coal,coal-anthr,0
czechia,2014,coal,coal-bitum,5.12
czechia,2014,coal,coal-coking,0
czechia,2014,coal,coal-lignite,35.599
czechia,2014,coal,coal-subbit,0
czechia,2014,otherren,or-geo,0
czechia,2014,otherren,or-tidal,0
czechia,2015,bio,bio-solid,2.0915
czechia,2015,coal,coal-anthr,0
czechia,2015,coal,coal-bitum,5.653
czechia,2015,coal,coal-coking,0
czechia,2015,coal,coal-lignite,35.474
czechia,2015,coal,coal-subbit,0
czechia,2015,otherren,or-geo,0
czechia,2015,otherren,or-tidal,0
czechia,2016,bio,bio-solid,2.0677
czechia,2016,coal,coal-anthr,0
czechia,2016,coal,coal-bitum,5.707
czechia,2016,coal,coal-coking,0
czechia,2016,coal,coal-lignite,36.25
czechia,2016,coal,coal-subbit,0
czechia,2016,otherren,or-geo,0
czechia,2016,otherren,or-tidal,0
czechia,2017,bio,bio-solid,2.2134
czechia,2017,coal,coal-anthr,0
czechia,2017,coal,coal-bitum,4.4633
czechia,2017,coal,coal-coking,0
czechia,2017,coal,coal-lignite,36.9721
czechia,2017,coal,coal-subbit,0
czechia,2017,otherren,or-geo,0
czechia,2017,otherren,or-tidal,0
czechia,2018,bio,bio-solid,2.1209
czechia,2018,coal,coal-anthr,0
czechia,2018,coal,coal-bitum,3.4705
czechia,2018,coal,coal-coking,0
czechia,2018,coal,coal-lignite,37.72
czechia,2018,coal,coal-subbit,0
czechia,2018,otherren,or-geo,0
czechia,2018,otherren,or-tidal,0
czechia,2019,bio,bio-solid,2.3987
czechia,2019,coal,coal-anthr,0
czechia,2019,coal,coal-bitum,2.1488
czechia,2019,coal,coal-coking,0
czechia,2019,coal,coal-lignite,35.172
czechia,2019,coal,coal-subbit,0
czechia,2019,otherren,or-geo,0
czechia,2019,otherren,or-tidal,0
czechia,2020,bio,bio-solid,2.499
czechia,2020,coal,coal-anthr,0
czechia,2020,coal,coal-bitum,1.9142
czechia,2020,coal,coal-coking,0
czechia,2020,coal,coal-lignite,29.0736
czechia,2020,coal,coal-subbit,0
czechia,2020,otherren,or-geo,0
czechia,2020,otherren,or-tidal,0
czechia,2021,bio,bio-solid,2.6646
czechia,2021,coal,coal-anthr,0
czechia,2021,coal,coal-bitum,2.7617
czechia,2021,coal,coal-coking,0
czechia,2021,coal,coal-lignite,31.4071
czechia,2021,coal,coal-subbit,0
czechia,2021,otherren,or-geo,0
czechia,2021,otherren,or-tidal,0
czechia,2022,bio,bio-solid,2.6594
czechia,2022,coal,coal-anthr,0
czechia,2022,coal,coal-bitum,2.4258
czechia,2022,coal,coal-coking,0
czechia,2022,coal,coal-lignite,34.4484
czechia,2022,coal,coal-subbit,0
czechia,2022,otherren,or-geo,0
czechia,2022,otherren,or-tidal,0
czechia,2023,bio,bio-solid,2.4385
czechia,2023,coal,coal-anthr,0
czechia,2023,coal,coal-bitum,1.9185
czechia,2023,coal,coal-coking,0
czechia,2023,coal,coal-lignite,28.0108
czechia,2023,coal,coal-subbit,0
czechia,2023,otherren,or-geo,0
czechia,2023,otherren,or-tidal,0
czechia,2024,bio,bio-solid,2.6541
czechia,2024,coal,coal-anthr,0
czechia,2024,coal,coal-bitum,1.3558
czechia,2024,coal,coal-coking,0
czechia,2024,coal,coal-lignite,25.1615
czechia,2024,coal,coal-subbit,0
czechia,2024,otherren,or-geo,0
czechia,2024,otherren,or-tidal,0
eu,1990,bio,bio-solid,10.9253
eu,1990,coal,coal-anthr,0
eu,1990,coal,coal-bitum,394.39
eu,1990,coal,coal-coking,52.696
eu,1990,coal,coal-lignite,337.807
eu,1990,coal,coal-subbit,7.679
eu,1990,otherren,or-geo,3.226
eu,1990,otherren,or-tidal,0.5027
eu,1991,bio,bio-solid,11.2285
eu,1991,coal,coal-anthr,0
eu,1991,coal,coal-bitum,406.651
eu,1991,coal,coal-coking,54.763
eu,1991,coal,coal-lignite,321.401
eu,1991,coal,coal-subbit,10.916
eu,1991,otherren,or-geo,3.187
eu,1991,otherren,or-tidal,0.5173
eu,1992,bio,bio-solid,11.7556
eu,1992,coal,coal-anthr,0
eu,1992,coal,coal-bitum,379.968
eu,1992,coal,coal-coking,49.124
eu,1992,coal,coal-lignite,326.17
eu,1992,coal,coal-subbit,10.195
eu,1992,otherren,or-geo,3.464
eu,1992,otherren,or-tidal,0.5162
eu,1993,bio,bio-solid,12.7578
eu,1993,coal,coal-anthr,0
eu,1993,coal,coal-bitum,357.2
eu,1993,coal,coal-coking,55.444
eu,1993,coal,coal-lignite,324.983
eu,1993,coal,coal-subbit,10.248
eu,1993,otherren,or-geo,3.671
eu,1993,otherren,or-tidal,0.4942
eu,1994,bio,bio-solid,13.4822
eu,1994,coal,coal-anthr,0
eu,1994,coal,coal-bitum,367.905
eu,1994,coal,coal-coking,59.097
eu,1994,coal,coal-lignite,321.986
eu,1994,coal,coal-subbit,10.328
eu,1994,otherren,or-geo,3.45
eu,1994,otherren,or-tidal,0.5014
eu,1995,bio,bio-solid,14.9519
eu,1995,coal,coal-anthr,0
eu,1995,coal,coal-bitum,384.863
eu,1995,coal,coal-coking,59.159
eu,1995,coal,coal-lignite,320.479
eu,1995,coal,coal-subbit,10.64
eu,1995,otherren,or-geo,3.478
eu,1995,otherren,or-tidal,0.5074
eu,1996,bio,bio-solid,13.8593
eu,1996,coal,coal-anthr,0
eu,1996,coal,coal-bitum,408.1665
eu,1996,coal,coal-coking,50.57
eu,1996,coal,coal-lignite,323.794
eu,1996,coal,coal-subbit,9.598
eu,1996,otherren,or-geo,3.811
eu,1996,otherren,or-tidal,0.4907
eu,1997,bio,bio-solid,17.2306
eu,1997,coal,coal-anthr,0
eu,1997,coal,coal-bitum,384.395
eu,1997,coal,coal-coking,47.858
eu,1997,coal,coal-lignite,323.604
eu,1997,coal,coal-subbit,8.418
eu,1997,otherren,or-geo,3.956
eu,1997,otherren,or-tidal,0.5095
eu,1998,bio,bio-solid,19.2538
eu,1998,coal,coal-anthr,0
eu,1998,coal,coal-bitum,398.17
eu,1998,coal,coal-coking,46.376
eu,1998,coal,coal-lignite,321.965
eu,1998,coal,coal-subbit,6.332
eu,1998,otherren,or-geo,4.272
eu,1998,otherren,or-tidal,0.5217
eu,1999,bio,bio-solid,18.8057
eu,1999,coal,coal-anthr,0
eu,1999,coal,coal-bitum,388.208
eu,1999,coal,coal-coking,45.327
eu,1999,coal,coal-lignite,318.413
eu,1999,coal,coal-subbit,5.849
eu,1999,otherren,or-geo,4.483
eu,1999,otherren,or-tidal,0.515
eu,2000,bio,bio-solid,19.767
eu,2000,coal,coal-anthr,0
eu,2000,coal,coal-bitum,411.018
eu,2000,coal,coal-coking,37.874
eu,2000,coal,coal-lignite,344.081
eu,2000,coal,coal-subbit,6.38
eu,2000,otherren,or-geo,4.785
eu,2000,otherren,or-tidal,0.5073
eu,2001,bio,bio-solid,20.1637
eu,2001,coal,coal-anthr,0
eu,2001,coal,coal-bitum,402.964
eu,2001,coal,coal-coking,35.142
eu,2001,coal,coal-lignite,348.959
eu,2001,coal,coal-subbit,4.818
eu,2001,otherren,or-geo,4.612
eu,2001,otherren,or-tidal,0.4849
eu,2002,bio,bio-solid,23.4744
eu,2002,coal,coal-anthr,0
eu,2002,coal,coal-bitum,416.136
eu,2002,coal,coal-coking,37.02
eu,2002,coal,coal-lignite,354.183
eu,2002,coal,coal-subbit,5.934
eu,2002,otherren,or-geo,4.761
eu,2002,otherren,or-tidal,0.4944
eu,2003,bio,bio-solid,28.0331
eu,2003,coal,coal-anthr,7.249
eu,2003,coal,coal-bitum,440.687
eu,2003,coal,coal-coking,40.232
eu,2003,coal,coal-lignite,353.416
eu,2003,coal,coal-subbit,5.061
eu,2003,otherren,or-geo,5.434
eu,2003,otherren,or-tidal,0.4904
eu,2004,bio,bio-solid,36.2503
eu,2004,coal,coal-anthr,19.018
eu,2004,coal,coal-bitum,417.58
eu,2004,coal,coal-coking,41.321
eu,2004,coal,coal-lignite,349.221
eu,2004,coal,coal-subbit,6.155
eu,2004,otherren,or-geo,5.5235
eu,2004,otherren,or-tidal,0.4702
eu,2005,bio,bio-solid,40.5835
eu,2005,coal,coal-anthr,18.184
eu,2005,coal,coal-bitum,403.7186
eu,2005,coal,coal-coking,37.23
eu,2005,coal,coal-lignite,341.1626
eu,2005,coal,coal-subbit,5.771
eu,2005,otherren,or-geo,5.3977
eu,2005,otherren,or-tidal,0.4809
eu,2006,bio,bio-solid,45.163
eu,2006,coal,coal-anthr,15.3892
eu,2006,coal,coal-bitum,423.3638
eu,2006,coal,coal-coking,34.552
eu,2006,coal,coal-lignite,335.0901
eu,2006,coal,coal-subbit,5.262
eu,2006,otherren,or-geo,5.6156
eu,2006,otherren,or-tidal,0.4643
eu,2007,bio,bio-solid,47.667
eu,2007,coal,coal-anthr,18.4952
eu,2007,coal,coal-bitum,420.7072
eu,2007,coal,coal-coking,37.871
eu,2007,coal,coal-lignite,341.578
eu,2007,coal,coal-subbit,6.64
eu,2007,otherren,or-geo,5.7725
eu,2007,otherren,or-tidal,0.4653
eu,2008,bio,bio-solid,53.1788
eu,2008,coal,coal-anthr,16.686
eu,2008,coal,coal-bitum,369.8681
eu,2008,coal,coal-coking,29.654
eu,2008,coal,coal-lignite,333.265
eu,2008,coal,coal-subbit,4.227
eu,2008,otherren,or-geo,5.7316
eu,2008,otherren,or-tidal,0.4651
eu,2009,bio,bio-solid,57.3466
eu,2009,coal,coal-anthr,12.716
eu,2009,coal,coal-bitum,344.7448
eu,2009,coal,coal-coking,20.95
eu,2009,coal,coal-lignite,318.172
eu,2009,coal,coal-subbit,4.263
eu,2009,otherren,or-geo,5.5463
eu,2009,otherren,or-tidal,0.4482
eu,2010,bio,bio-solid,64.982
eu,2010,coal,coal-anthr,10.494
eu,2010,coal,coal-bitum,355.2001
eu,2010,coal,coal-coking,16.232
eu,2010,coal,coal-lignite,313.437
eu,2010,coal,coal-subbit,3.378
eu,2010,otherren,or-geo,5.6024
eu,2010,otherren,or-tidal,0.4764
eu,2011,bio,bio-solid,67.1293
eu,2011,coal,coal-anthr,18.384
eu,2011,coal,coal-bitum,346.9988
eu,2011,coal,coal-coking,18.57
eu,2011,coal,coal-lignite,333.068
eu,2011,coal,coal-subbit,5.631
eu,2011,otherren,or-geo,5.947
eu,2011,otherren,or-tidal,0.4773
eu,2012,bio,bio-solid,72.0683
eu,2012,coal,coal-anthr,16.987
eu,2012,coal,coal-bitum,357.0377
eu,2012,coal,coal-coking,24.142
eu,2012,coal,coal-lignite,336.84
eu,2012,coal,coal-subbit,5.292
eu,2012,otherren,or-geo,5.8203
eu,2012,otherren,or-tidal,0.458
eu,2013,bio,bio-solid,70.5005
eu,2013,coal,coal-anthr,11.102
eu,2013,coal,coal-bitum,382.3646
eu,2013,coal,coal-coking,5.338
eu,2013,coal,coal-lignite,323.1226
eu,2013,coal,coal-subbit,4.076
eu,2013,otherren,or-geo,6.0263
eu,2013,otherren,or-tidal,0.4136
eu,2014,bio,bio-solid,70.7124
eu,2014,coal,coal-anthr,12.531
eu,2014,coal,coal-bitum,347.9419
eu,2014,coal,coal-coking,9.44
eu,2014,coal,coal-lignite,315.467
eu,2014,coal,coal-subbit,4.613
eu,2014,otherren,or-geo,6.3034
eu,2014,otherren,or-tidal,0.4805
eu,2015,bio,bio-solid,72.0714
eu,2015,coal,coal-anthr,12.238
eu,2015,coal,coal-bitum,370.7031
eu,2015,coal,coal-coking,1.073
eu,2015,coal,coal-lignite,313.662
eu,2015,coal,coal-subbit,4.722
eu,2015,otherren,or-geo,6.6136
eu,2015,otherren,or-tidal,0.4874
eu,2016,bio,bio-solid,72.38
eu,2016,coal,coal-anthr,4.878
eu,2016,coal,coal-bitum,340.9277
eu,2016,coal,coal-coking,8.638
eu,2016,coal,coal-lignite,299.424
eu,2016,coal,coal-subbit,2.634
eu,2016,otherren,or-geo,6.7329
eu,2016,otherren,or-tidal,0.5006
eu,2017,bio,bio-solid,74.2651
eu,2017,coal,coal-anthr,4.1031
eu,2017,coal,coal-bitum,316.2428
eu,2017,coal,coal-coking,11.1638
eu,2017,coal,coal-lignite,301.9212
eu,2017,coal,coal-subbit,3.1701
eu,2017,otherren,or-geo,6.715
eu,2017,otherren,or-tidal,0.5217
eu,2018,bio,bio-solid,76.2296
eu,2018,coal,coal-anthr,4.013
eu,2018,coal,coal-bitum,286.489
eu,2018,coal,coal-coking,8.8049
eu,2018,coal,coal-lignite,291.7713
eu,2018,coal,coal-subbit,2.3939
eu,2018,otherren,or-geo,6.655
eu,2018,otherren,or-tidal,0.4799
eu,2019,bio,bio-solid,80.5668
eu,2019,coal,coal-anthr,0.68
eu,2019,coal,coal-bitum,205.4128
eu,2019,coal,coal-coking,0.0126
eu,2019,coal,coal-lignite,241.4386
eu,2019,coal,coal-subbit,1.5537
eu,2019,otherren,or-geo,6.7258
eu,2019,otherren,or-tidal,0.499
eu,2020,bio,bio-solid,82.951
eu,2020,coal,coal-anthr,0.715
eu,2020,coal,coal-bitum,154.1206
eu,2020,coal,coal-coking,0.0811
eu,2020,coal,coal-lignite,195.4007
eu,2020,coal,coal-subbit,0.5721
eu,2020,otherren,or-geo,6.7173
eu,2020,otherren,or-tidal,0.5088
eu,2021,bio,bio-solid,92.6734
eu,2021,coal,coal-anthr,0.6357
eu,2021,coal,coal-bitum,189.9362
eu,2021,coal,coal-coking,0.0641
eu,2021,coal,coal-lignite,226.6325
eu,2021,coal,coal-subbit,0.3888
eu,2021,otherren,or-geo,6.5384
eu,2021,otherren,or-tidal,0.5028
eu,2022,bio,bio-solid,88.3688
eu,2022,coal,coal-anthr,0.6095
eu,2022,coal,coal-bitum,202.6188
eu,2022,coal,coal-coking,2.2477
eu,2022,coal,coal-lignite,241.2914
eu,2022,coal,coal-subbit,0.3674
eu,2022,otherren,or-geo,6.4278
eu,2022,otherren,or-tidal,0.5135
eu,2023,bio,bio-solid,79.5212
eu,2023,coal,coal-anthr,0.3062
eu,2023,coal,coal-bitum,135.8255
eu,2023,coal,coal-coking,2.741
eu,2023,coal,coal-lignite,178.4989
eu,2023,coal,coal-subbit,0.484
eu,2023,otherren,or-geo,6.2601
eu,2023,otherren,or-tidal,0.4613
eu,2024,bio,bio-solid,78.7152
eu,2024,coal,coal-anthr,0.2916
eu,2024,coal,coal-bitum,104.429
eu,2024,coal,coal-coking,1.102
eu,2024,coal,coal-lignite,165.024
eu,2024,coal,coal-subbit,0.3162
eu,2024,otherren,or-geo,6.2135
eu,2024,otherren,or-tidal,0.4678
france,1990,bio,bio-solid,1.116
france,1990,coal,coal-anthr,0
france,1990,coal,coal-bitum,29.053
france,1990,coal,coal-coking,0
france,1990,coal,coal-lignite,2.42
france,1990,coal,coal-subbit,0
france,1990,otherren,or-geo,0
france,1990,otherren,or-tidal,0.5027
france,1991,bio,bio-solid,1.285
france,1991,coal,coal-anthr,0
france,1991,coal,coal-bitum,36.76
france,1991,coal,coal-coking,0
france,1991,coal,coal-lignite,2.85
france,1991,coal,coal-subbit,0
france,1991,otherren,or-geo,0
france,1991,otherren,or-tidal,0.5173
france,1992,bio,bio-solid,1.296
france,1992,coal,coal-anthr,0
france,1992,coal,coal-bitum,32.273
france,1992,coal,coal-coking,0
france,1992,coal,coal-lignite,1.961
france,1992,coal,coal-subbit,0
france,1992,otherren,or-geo,0
france,1992,otherren,or-tidal,0.5162
france,1993,bio,bio-solid,1.139
france,1993,coal,coal-anthr,0
france,1993,coal,coal-bitum,18.586
france,1993,coal,coal-coking,0
france,1993,coal,coal-lignite,2.365
france,1993,coal,coal-subbit,0
france,1993,otherren,or-geo,0
france,1993,otherren,or-tidal,0.4942
france,1994,bio,bio-solid,1.303
france,1994,coal,coal-anthr,0
france,1994,coal,coal-bitum,19.217
france,1994,coal,coal-coking,0
france,1994,coal,coal-lignite,1.676
france,1994,coal,coal-subbit,0
france,1994,otherren,or-geo,0
france,1994,otherren,or-tidal,0.5014
france,1995,bio,bio-solid,1.368
france,1995,coal,coal-anthr,0
france,1995,coal,coal-bitum,22.142
france,1995,coal,coal-coking,0
france,1995,coal,coal-lignite,2.037
france,1995,coal,coal-subbit,0
france,1995,otherren,or-geo,0
france,1995,otherren,or-tidal,0.5074
france,1996,bio,bio-solid,1.38
france,1996,coal,coal-anthr,0
france,1996,coal,coal-bitum,26.038
france,1996,coal,coal-coking,0
france,1996,coal,coal-lignite,2
france,1996,coal,coal-subbit,0
france,1996,otherren,or-geo,0
france,1996,otherren,or-tidal,0.4907
france,1997,bio,bio-solid,1.53
france,1997,coal,coal-anthr,0
france,1997,coal,coal-bitum,20.618
france,1997,coal,coal-coking,0
france,1997,coal,coal-lignite,1.56
france,1997,coal,coal-subbit,0
france,1997,otherren,or-geo,0
france,1997,otherren,or-tidal,0.5095
france,1998,bio,bio-solid,1.476
france,1998,coal,coal-anthr,0
france,1998,coal,coal-bitum,31.77
france,1998,coal,coal-coking,0
france,1998,coal,coal-lignite,1.762
france,1998,coal,coal-subbit,0
france,1998,otherren,or-geo,0
france,1998,otherren,or-tidal,0.5217
france,1999,bio,bio-solid,1.401
france,1999,coal,coal-anthr,0
france,1999,coal,coal-bitum,28.371
france,1999,coal,coal-coking,0
france,1999,coal,coal-lignite,0.908
france,1999,coal,coal-subbit,0
france,1999,otherren,or-geo,0
france,1999,otherren,or-tidal,0.515
france,2000,bio,bio-solid,1.09
france,2000,coal,coal-anthr,0
france,2000,coal,coal-bitum,26.595
france,2000,coal,coal-coking,0
france,2000,coal,coal-lignite,0.409
france,2000,coal,coal-subbit,0
france,2000,otherren,or-geo,0
france,2000,otherren,or-tidal,0.5073
france,2001,bio,bio-solid,1.044
france,2001,coal,coal-anthr,0
france,2001,coal,coal-bitum,20.077
france,2001,coal,coal-coking,0
france,2001,coal,coal-lignite,0.401
france,2001,coal,coal-subbit,0
france,2001,otherren,or-geo,0
france,2001,otherren,or-tidal,0.4849
france,2002,bio,bio-solid,1.109
france,2002,coal,coal-anthr,0
france,2002,coal,coal-bitum,23.413
france,2002,coal,coal-coking,0
france,2002,coal,coal-lignite,0.245
france,2002,coal,coal-subbit,0
france,2002,otherren,or-geo,0
france,2002,otherren,or-tidal,0.4944
france,2003,bio,bio-solid,1.133
france,2003,coal,coal-anthr,0
france,2003,coal,coal-bitum,26.26
france,2003,coal,coal-coking,0
france,2003,coal,coal-lignite,0
france,2003,coal,coal-subbit,0
france,2003,otherren,or-geo,0
france,2003,otherren,or-tidal,0.4904
france,2004,bio,bio-solid,1.128
france,2004,coal,coal-anthr,0
france,2004,coal,coal-bitum,24.372
france,2004,coal,coal-coking,0
france,2004,coal,coal-lignite,0
france,2004,coal,coal-subbit,0
france,2004,otherren,or-geo,0
france,2004,otherren,or-tidal,0.4702
france,2005,bio,bio-solid,1.254
france,2005,coal,coal-anthr,0
france,2005,coal,coal-bitum,27.515
france,2005,coal,coal-coking,0
france,2005,coal,coal-lignite,0
france,2005,coal,coal-subbit,0
france,2005,otherren,or-geo,0
france,2005,otherren,or-tidal,0.4809
france,2006,bio,bio-solid,1.247
france,2006,coal,coal-anthr,0
france,2006,coal,coal-bitum,22.889
france,2006,coal,coal-coking,0
france,2006,coal,coal-lignite,0
france,2006,coal,coal-subbit,0
france,2006,otherren,or-geo,0
france,2006,otherren,or-tidal,0.4643
france,2007,bio,bio-solid,1.354
france,2007,coal,coal-anthr,0
france,2007,coal,coal-bitum,24.446
france,2007,coal,coal-coking,0
france,2007,coal,coal-lignite,0
france,2007,coal,coal-subbit,0
france,2007,otherren,or-geo,0
france,2007,otherren,or-tidal,0.4653
france,2008,bio,bio-solid,1.413
france,2008,coal,coal-anthr,0
france,2008,coal,coal-bitum,23.063
france,2008,coal,coal-coking,0
france,2008,coal,coal-lignite,0
france,2008,coal,coal-subbit,0
france,2008,otherren,or-geo,0
france,2008,otherren,or-tidal,0.4651
france,2009,bio,bio-solid,1.235
france,2009,coal,coal-anthr,0
france,2009,coal,coal-bitum,21.667
france,2009,coal,coal-coking,0
france,2009,coal,coal-lignite,0
france,2009,coal,coal-subbit,0
france,2009,otherren,or-geo,0
france,2009,otherren,or-tidal,0.4482
france,2010,bio,bio-solid,1.463
france,2010,coal,coal-anthr,0
france,2010,coal,coal-bitum,23.359
france,2010,coal,coal-coking,0
france,2010,coal,coal-lignite,0
france,2010,coal,coal-subbit,0
france,2010,otherren,or-geo,0
france,2010,otherren,or-tidal,0.4764
france,2011,bio,bio-solid,1.8086
france,2011,coal,coal-anthr,0
france,2011,coal,coal-bitum,17.3945
france,2011,coal,coal-coking,0
france,2011,coal,coal-lignite,0
france,2011,coal,coal-subbit,0
france,2011,otherren,or-geo,0.0622
france,2011,otherren,or-tidal,0.4773
france,2012,bio,bio-solid,1.8528
france,2012,coal,coal-anthr,0
france,2012,coal,coal-bitum,21.4565
france,2012,coal,coal-coking,0
france,2012,coal,coal-lignite,0
france,2012,coal,coal-subbit,0
france,2012,otherren,or-geo,0.0565
france,2012,otherren,or-tidal,0.458
france,2013,bio,bio-solid,2.0118
france,2013,coal,coal-anthr,0
france,2013,coal,coal-bitum,23.8434
france,2013,coal,coal-coking,0
france,2013,coal,coal-lignite,0
france,2013,coal,coal-subbit,0
france,2013,otherren,or-geo,0.0902
france,2013,otherren,or-tidal,0.4136
france,2014,bio,bio-solid,2.3075
france,2014,coal,coal-anthr,0
france,2014,coal,coal-bitum,11.2572
france,2014,coal,coal-coking,0
france,2014,coal,coal-lignite,0
france,2014,coal,coal-subbit,0
france,2014,otherren,or-geo,0.0831
france,2014,otherren,or-tidal,0.4805
france,2015,bio,bio-solid,2.6652
france,2015,coal,coal-anthr,0
france,2015,coal,coal-bitum,11.8945
france,2015,coal,coal-coking,0
france,2015,coal,coal-lignite,0
france,2015,coal,coal-subbit,0
france,2015,otherren,or-geo,0.0919
france,2015,otherren,or-tidal,0.4874
france,2016,bio,bio-solid,3.4077
france,2016,coal,coal-anthr,0
france,2016,coal,coal-bitum,10.2257
france,2016,coal,coal-coking,0
france,2016,coal,coal-lignite,0
france,2016,coal,coal-subbit,0
france,2016,otherren,or-geo,0.0976
france,2016,otherren,or-tidal,0.5005
france,2017,bio,bio-solid,3.4622
france,2017,coal,coal-anthr,0
france,2017,coal,coal-bitum,12.8134
france,2017,coal,coal-coking,0
france,2017,coal,coal-lignite,0
france,2017,coal,coal-subbit,0
france,2017,otherren,or-geo,0.1331
france,2017,otherren,or-tidal,0.5217
france,2018,bio,bio-solid,3.8061
france,2018,coal,coal-anthr,0
france,2018,coal,coal-bitum,8.3095
france,2018,coal,coal-coking,0
france,2018,coal,coal-lignite,0
france,2018,coal,coal-subbit,0
france,2018,otherren,or-geo,0.127
france,2018,otherren,or-tidal,0.4799
france,2019,bio,bio-solid,3.8817
france,2019,coal,coal-anthr,0
france,2019,coal,coal-bitum,3.6373
france,2019,coal,coal-coking,0
france,2019,coal,coal-lignite,0
france,2019,coal,coal-subbit,0
france,2019,otherren,or-geo,0.1285
france,2019,otherren,or-tidal,0.479
france,2020,bio,bio-solid,3.8545
france,2020,coal,coal-anthr,0
france,2020,coal,coal-bitum,3.0864
france,2020,coal,coal-coking,0
france,2020,coal,coal-lignite,0
france,2020,coal,coal-subbit,0
france,2020,otherren,or-geo,0.1332
france,2020,otherren,or-tidal,0.4818
france,2021,bio,bio-solid,4.4233
france,2021,coal,coal-anthr,0
france,2021,coal,coal-bitum,5.4428
france,2021,coal,coal-coking,0
france,2021,coal,coal-lignite,0
france,2021,coal,coal-subbit,0
france,2021,otherren,or-geo,0.1003
france,2021,otherren,or-tidal,0.4838
france,2022,bio,bio-solid,4.5471
france,2022,coal,coal-anthr,0
france,2022,coal,coal-bitum,4.1634
france,2022,coal,coal-coking,0
france,2022,coal,coal-lignite,0
france,2022,coal,coal-subbit,0
france,2022,otherren,or-geo,0.1136
france,2022,otherren,or-tidal,0.4905
france,2023,bio,bio-solid,4.7421
france,2023,coal,coal-anthr,0
france,2023,coal,coal-bitum,1.6105
france,2023,coal,coal-coking,0
france,2023,coal,coal-lignite,0
france,2023,coal,coal-subbit,0
france,2023,otherren,or-geo,0.1288
france,2023,otherren,or-tidal,0.4493
france,2024,bio,bio-solid,5.303
france,2024,coal,coal-anthr,0
france,2024,coal,coal-bitum,1.0206
france,2024,coal,coal-coking,0
france,2024,coal,coal-lignite,0
france,2024,coal,coal-subbit,0
france,2024,otherren,or-geo,0.1096
france,2024,otherren,or-tidal,0.4588
germany,1990,bio,bio-solid,0.129
germany,1990,coal,coal-anthr,0
germany,1990,coal,coal-bitum,88.304
germany,1990,coal,coal-coking,52.696
germany,1990,coal,coal-lignite,168.006
germany,1990,coal,coal-subbit,0
germany,1990,otherren,or-geo,0
germany,1990,otherren,or-tidal,0
germany,1991,bio,bio-solid,0.263
germany,1991,coal,coal-anthr,0
germany,1991,coal,coal-bitum,95.06
germany,1991,coal,coal-coking,54.763
germany,1991,coal,coal-lignite,157.399
germany,1991,coal,coal-subbit,0
germany,1991,otherren,or-geo,0
germany,1991,otherren,or-tidal,0
germany,1992,bio,bio-solid,0.467
germany,1992,coal,coal-anthr,0
germany,1992,coal,coal-bitum,92.77
germany,1992,coal,coal-coking,49.124
germany,1992,coal,coal-lignite,152.509
germany,1992,coal,coal-subbit,0
germany,1992,otherren,or-geo,0
germany,1992,otherren,or-tidal,0
germany,1993,bio,bio-solid,0.419
germany,1993,coal,coal-anthr,0
germany,1993,coal,coal-bitum,90.734
germany,1993,coal,coal-coking,55.444
germany,1993,coal,coal-lignite,146.451
germany,1993,coal,coal-subbit,0
germany,1993,otherren,or-geo,0
germany,1993,otherren,or-tidal,0
germany,1994,bio,bio-solid,0.415
germany,1994,coal,coal-anthr,0
germany,1994,coal,coal-bitum,85.531
germany,1994,coal,coal-coking,59.097
germany,1994,coal,coal-lignite,144.866
germany,1994,coal,coal-subbit,0
germany,1994,otherren,or-geo,0
germany,1994,otherren,or-tidal,0
germany,1995,bio,bio-solid,0.496
germany,1995,coal,coal-anthr,0
germany,1995,coal,coal-bitum,87.949
germany,1995,coal,coal-coking,59.159
germany,1995,coal,coal-lignite,141.436
germany,1995,coal,coal-subbit,0
germany,1995,otherren,or-geo,0
germany,1995,otherren,or-tidal,0
germany,1996,bio,bio-solid,0.569
germany,1996,coal,coal-anthr,0
germany,1996,coal,coal-bitum,102.136
germany,1996,coal,coal-coking,50.551
germany,1996,coal,coal-lignite,142.978
germany,1996,coal,coal-subbit,0
germany,1996,otherren,or-geo,0
germany,1996,otherren,or-tidal,0
germany,1997,bio,bio-solid,0.505
germany,1997,coal,coal-anthr,0
germany,1997,coal,coal-bitum,95.248
germany,1997,coal,coal-coking,47.855
germany,1997,coal,coal-lignite,140.985
germany,1997,coal,coal-subbit,0
germany,1997,otherren,or-geo,0
germany,1997,otherren,or-tidal,0
germany,1998,bio,bio-solid,0.677
germany,1998,coal,coal-anthr,0
germany,1998,coal,coal-bitum,107.061
germany,1998,coal,coal-coking,46.376
germany,1998,coal,coal-lignite,138.492
germany,1998,coal,coal-subbit,0
germany,1998,otherren,or-geo,0
germany,1998,otherren,or-tidal,0
germany,1999,bio,bio-solid,0.823
germany,1999,coal,coal-anthr,0
germany,1999,coal,coal-bitum,97.756
germany,1999,coal,coal-coking,45.327
germany,1999,coal,coal-lignite,137.884
germany,1999,coal,coal-subbit,0
germany,1999,otherren,or-geo,0
germany,1999,otherren,or-tidal,0
germany,2000,bio,bio-solid,0.804
germany,2000,coal,coal-anthr,0
germany,2000,coal,coal-bitum,105.29
germany,2000,coal,coal-coking,37.874
germany,2000,coal,coal-lignite,153.211
germany,2000,coal,coal-subbit,0
germany,2000,otherren,or-geo,0
germany,2000,otherren,or-tidal,0
germany,2001,bio,bio-solid,0.639
germany,2001,coal,coal-anthr,0
germany,2001,coal,coal-bitum,103.857
germany,2001,coal,coal-coking,35.142
germany,2001,coal,coal-lignite,154.477
germany,2001,coal,coal-subbit,0
germany,2001,otherren,or-geo,0
germany,2001,otherren,or-tidal,0
germany,2002,bio,bio-solid,0.543
germany,2002,coal,coal-anthr,0
germany,2002,coal,coal-bitum,96.713
germany,2002,coal,coal-coking,37.016
germany,2002,coal,coal-lignite,165.589
germany,2002,coal,coal-subbit,0
germany,2002,otherren,or-geo,0
germany,2002,otherren,or-tidal,0
germany,2003,bio,bio-solid,3.392
germany,2003,coal,coal-anthr,7.249
germany,2003,coal,coal-bitum,99
germany,2003,coal,coal-coking,40.208
germany,2003,coal,coal-lignite,156.581
germany,2003,coal,coal-subbit,0
germany,2003,otherren,or-geo,0
germany,2003,otherren,or-tidal,0
germany,2004,bio,bio-solid,5.161
germany,2004,coal,coal-anthr,7.918
germany,2004,coal,coal-bitum,91.746
germany,2004,coal,coal-coking,41.102
germany,2004,coal,coal-lignite,156.694
germany,2004,coal,coal-subbit,0
germany,2004,otherren,or-geo,0
germany,2004,otherren,or-tidal,0
germany,2005,bio,bio-solid,7.479
germany,2005,coal,coal-anthr,7.155
germany,2005,coal,coal-bitum,89.834
germany,2005,coal,coal-coking,37.092
germany,2005,coal,coal-lignite,152.583
germany,2005,coal,coal-subbit,0
germany,2005,otherren,or-geo,0
germany,2005,otherren,or-tidal,0
germany,2006,bio,bio-solid,8.82
germany,2006,coal,coal-anthr,5.927
germany,2006,coal,coal-bitum,97.531
germany,2006,coal,coal-coking,34.406
germany,2006,coal,coal-lignite,149.588
germany,2006,coal,coal-subbit,0
germany,2006,otherren,or-geo,0
germany,2006,otherren,or-tidal,0
germany,2007,bio,bio-solid,8.699
germany,2007,coal,coal-anthr,7.321
germany,2007,coal,coal-bitum,96.999
germany,2007,coal,coal-coking,37.724
germany,2007,coal,coal-lignite,153.136
germany,2007,coal,coal-subbit,0
germany,2007,otherren,or-geo,0
germany,2007,otherren,or-tidal,0
germany,2008,bio,bio-solid,9.296
germany,2008,coal,coal-anthr,7.832
germany,2008,coal,coal-bitum,87.247
germany,2008,coal,coal-coking,29.509
germany,2008,coal,coal-lignite,148.744
germany,2008,coal,coal-subbit,0
germany,2008,otherren,or-geo,0.018
germany,2008,otherren,or-tidal,0
germany,2009,bio,bio-solid,9.746
germany,2009,coal,coal-anthr,6.703
germany,2009,coal,coal-bitum,80.312
germany,2009,coal,coal-coking,20.843
germany,2009,coal,coal-lignite,144.16
germany,2009,coal,coal-subbit,0
germany,2009,otherren,or-geo,0.019
germany,2009,otherren,or-tidal,0
germany,2010,bio,bio-solid,10.351
germany,2010,coal,coal-anthr,6.409
germany,2010,coal,coal-bitum,94.551
germany,2010,coal,coal-coking,16.064
germany,2010,coal,coal-lignite,144.509
germany,2010,coal,coal-subbit,0
germany,2010,otherren,or-geo,0.028
germany,2010,otherren,or-tidal,0
germany,2011,bio,bio-solid,10.516
germany,2011,coal,coal-anthr,7.131
germany,2011,coal,coal-bitum,86.855
germany,2011,coal,coal-coking,18.409
germany,2011,coal,coal-lignite,148.465
germany,2011,coal,coal-subbit,0
germany,2011,otherren,or-geo,0.019
germany,2011,otherren,or-tidal,0
germany,2012,bio,bio-solid,10.693
germany,2012,coal,coal-anthr,6.739
germany,2012,coal,coal-bitum,85.675
germany,2012,coal,coal-coking,23.975
germany,2012,coal,coal-lignite,158.099
germany,2012,coal,coal-subbit,0
germany,2012,otherren,or-geo,0.025
germany,2012,otherren,or-tidal,0
germany,2013,bio,bio-solid,10.555
germany,2013,coal,coal-anthr,5.913
germany,2013,coal,coal-bitum,116.185
germany,2013,coal,coal-coking,5.184
germany,2013,coal,coal-lignite,159.055
germany,2013,coal,coal-subbit,0
germany,2013,otherren,or-geo,0.08
germany,2013,otherren,or-tidal,0
germany,2014,bio,bio-solid,10.798
germany,2014,coal,coal-anthr,6.766
germany,2014,coal,coal-bitum,102.566
germany,2014,coal,coal-coking,9.261
germany,2014,coal,coal-lignite,154.205
germany,2014,coal,coal-subbit,0
germany,2014,otherren,or-geo,0.098
germany,2014,otherren,or-tidal,0
germany,2015,bio,bio-solid,11.034
germany,2015,coal,coal-anthr,7.31
germany,2015,coal,coal-bitum,109.549
germany,2015,coal,coal-coking,0.878
germany,2015,coal,coal-lignite,152.679
germany,2015,coal,coal-subbit,0
germany,2015,otherren,or-geo,0.133
germany,2015,otherren,or-tidal,0
germany,2016,bio,bio-solid,10.798
germany,2016,coal,coal-anthr,1.647
germany,2016,coal,coal-bitum,102.037
germany,2016,coal,coal-coking,8.521
germany,2016,coal,coal-lignite,147.898
germany,2016,coal,coal-subbit,0
germany,2016,otherren,or-geo,0.175
germany,2016,otherren,or-tidal,0
germany,2017,bio,bio-solid,10.644
germany,2017,coal,coal-anthr,1.748
germany,2017,coal,coal-bitum,80.156
germany,2017,coal,coal-coking,10.985
germany,2017,coal,coal-lignite,146.918
germany,2017,coal,coal-subbit,0
germany,2017,otherren,or-geo,0.163
germany,2017,otherren,or-tidal,0
germany,2018,bio,bio-solid,11.068
germany,2018,coal,coal-anthr,3.013
germany,2018,coal,coal-bitum,70.772
germany,2018,coal,coal-coking,8.782
germany,2018,coal,coal-lignite,144.048
germany,2018,coal,coal-subbit,0
germany,2018,otherren,or-geo,0.178
germany,2018,otherren,or-tidal,0
germany,2019,bio,bio-solid,11.039
germany,2019,coal,coal-anthr,0.5
germany,2019,coal,coal-bitum,56.973
germany,2019,coal,coal-coking,0
germany,2019,coal,coal-lignite,112.614
germany,2019,coal,coal-subbit,0
germany,2019,otherren,or-geo,0.197
germany,2019,otherren,or-tidal,0
germany,2020,bio,bio-solid,11.306
germany,2020,coal,coal-anthr,0.488
germany,2020,coal,coal-bitum,42.35
germany,2020,coal,coal-coking,0
germany,2020,coal,coal-lignite,90.724
germany,2020,coal,coal-subbit,0
germany,2020,otherren,or-geo,0.231
germany,2020,otherren,or-tidal,0
germany,2021,bio,bio-solid,10.738
germany,2021,coal,coal-anthr,0.544
germany,2021,coal,coal-bitum,54.004
germany,2021,coal,coal-coking,0
germany,2021,coal,coal-lignite,109.147
germany,2021,coal,coal-subbit,0
germany,2021,otherren,or-geo,0.244
germany,2021,otherren,or-tidal,0
germany,2022,bio,bio-solid,10.663
germany,2022,coal,coal-anthr,0.537
germany,2022,coal,coal-bitum,60.961
germany,2022,coal,coal-coking,2.196
germany,2022,coal,coal-lignite,115.352
germany,2022,coal,coal-subbit,0
germany,2022,otherren,or-geo,0.206
germany,2022,otherren,or-tidal,0
germany,2023,bio,bio-solid,11.117
germany,2023,coal,coal-anthr,0.264
germany,2023,coal,coal-bitum,35.561
germany,2023,coal,coal-coking,2.681
germany,2023,coal,coal-lignite,85.796
germany,2023,coal,coal-subbit,0
germany,2023,otherren,or-geo,0.195
germany,2023,otherren,or-tidal,0
germany,2024,bio,bio-solid,10.803
germany,2024,coal,coal-anthr,0.229
germany,2024,coal,coal-bitum,26.155
germany,2024,coal,coal-coking,1.062
germany,2024,coal,coal-lignite,78.504
germany,2024,coal,coal-subbit,0
germany,2024,otherren,or-geo,0.215
germany,2024,otherren,or-tidal,0
greece,1990,bio,bio-solid,0
greece,1990,coal,coal-anthr,0
greece,1990,coal,coal-bitum,0
greece,1990,coal,coal-coking,0
greece,1990,coal,coal-lignite,25.166
greece,1990,coal,coal-subbit,0
greece,1990,otherren,or-geo,0
greece,1990,otherren,or-tidal,0
greece,1991,bio,bio-solid,0
greece,1991,coal,coal-anthr,0
greece,1991,coal,coal-bitum,0.133
greece,1991,coal,coal-coking,0
greece,1991,coal,coal-lignite,23.569
greece,1991,coal,coal-subbit,0
greece,1991,otherren,or-geo,0
greece,1991,otherren,or-tidal,0
greece,1992,bio,bio-solid,0.001
greece,1992,coal,coal-anthr,0
greece,1992,coal,coal-bitum,1.338
greece,1992,coal,coal-coking,0
greece,1992,coal,coal-lignite,25.274
greece,1992,coal,coal-subbit,0
greece,1992,otherren,or-geo,0
greece,1992,otherren,or-tidal,0
greece,1993,bio,bio-solid,0.001
greece,1993,coal,coal-anthr,0
greece,1993,coal,coal-bitum,0.214
greece,1993,coal,coal-coking,0
greece,1993,coal,coal-lignite,27.581
greece,1993,coal,coal-subbit,0
greece,1993,otherren,or-geo,0
greece,1993,otherren,or-tidal,0
greece,1994,bio,bio-solid,0.001
greece,1994,coal,coal-anthr,0
greece,1994,coal,coal-bitum,0.146
greece,1994,coal,coal-coking,0
greece,1994,coal,coal-lignite,29.368
greece,1994,coal,coal-subbit,0
greece,1994,otherren,or-geo,0
greece,1994,otherren,or-tidal,0
greece,1995,bio,bio-solid,0.001
greece,1995,coal,coal-anthr,0
greece,1995,coal,coal-bitum,0.266
greece,1995,coal,coal-coking,0
greece,1995,coal,coal-lignite,28.379
greece,1995,coal,coal-subbit,0
greece,1995,otherren,or-geo,0
greece,1995,otherren,or-tidal,0
greece,1996,bio,bio-solid,0
greece,1996,coal,coal-anthr,0
greece,1996,coal,coal-bitum,0.438
greece,1996,coal,coal-coking,0
greece,1996,coal,coal-lignite,28.813
greece,1996,coal,coal-subbit,0
greece,1996,otherren,or-geo,0
greece,1996,otherren,or-tidal,0
greece,1997,bio,bio-solid,0
greece,1997,coal,coal-anthr,0
greece,1997,coal,coal-bitum,0.282
greece,1997,coal,coal-coking,0
greece,1997,coal,coal-lignite,30.298
greece,1997,coal,coal-subbit,0
greece,1997,otherren,or-geo,0
greece,1997,otherren,or-tidal,0
greece,1998,bio,bio-solid,0
greece,1998,coal,coal-anthr,0
greece,1998,coal,coal-bitum,0.045
greece,1998,coal,coal-coking,0
greece,1998,coal,coal-lignite,32.362
greece,1998,coal,coal-subbit,0
greece,1998,otherren,or-geo,0
greece,1998,otherren,or-tidal,0
greece,1999,bio,bio-solid,0
greece,1999,coal,coal-anthr,0
greece,1999,coal,coal-bitum,0.012
greece,1999,coal,coal-coking,0
greece,1999,coal,coal-lignite,32.333
greece,1999,coal,coal-subbit,0
greece,1999,otherren,or-geo,0
greece,1999,otherren,or-tidal,0
greece,2000,bio,bio-solid,0
greece,2000,coal,coal-anthr,0
greece,2000,coal,coal-bitum,0.014
greece,2000,coal,coal-coking,0
greece,2000,coal,coal-lignite,34.277
greece,2000,coal,coal-subbit,0
greece,2000,otherren,or-geo,0
greece,2000,otherren,or-tidal,0
greece,2001,bio,bio-solid,0
greece,2001,coal,coal-anthr,0
greece,2001,coal,coal-bitum,0.006
greece,2001,coal,coal-coking,0
greece,2001,coal,coal-lignite,35.405
greece,2001,coal,coal-subbit,0
greece,2001,otherren,or-geo,0
greece,2001,otherren,or-tidal,0
greece,2002,bio,bio-solid,0
greece,2002,coal,coal-anthr,0
greece,2002,coal,coal-bitum,0.02
greece,2002,coal,coal-coking,0
greece,2002,coal,coal-lignite,34.533
greece,2002,coal,coal-subbit,0
greece,2002,otherren,or-geo,0
greece,2002,otherren,or-tidal,0
greece,2003,bio,bio-solid,0
greece,2003,coal,coal-anthr,0
greece,2003,coal,coal-bitum,0.078
greece,2003,coal,coal-coking,0
greece,2003,coal,coal-lignite,35.077
greece,2003,coal,coal-subbit,0
greece,2003,otherren,or-geo,0
greece,2003,otherren,or-tidal,0
greece,2004,bio,bio-solid,0
greece,2004,coal,coal-anthr,0
greece,2004,coal,coal-bitum,0
greece,2004,coal,coal-coking,0
greece,2004,coal,coal-lignite,35.366
greece,2004,coal,coal-subbit,0
greece,2004,otherren,or-geo,0
greece,2004,otherren,or-tidal,0
greece,2005,bio,bio-solid,0
greece,2005,coal,coal-anthr,0
greece,2005,coal,coal-bitum,0
greece,2005,coal,coal-coking,0
greece,2005,coal,coal-lignite,35.534
greece,2005,coal,coal-subbit,0
greece,2005,otherren,or-geo,0
greece,2005,otherren,or-tidal,0
greece,2006,bio,bio-solid,0
greece,2006,coal,coal-anthr,0
greece,2006,coal,coal-bitum,0
greece,2006,coal,coal-coking,0
greece,2006,coal,coal-lignite,32.255
greece,2006,coal,coal-subbit,0
greece,2006,otherren,or-geo,0
greece,2006,otherren,or-tidal,0
greece,2007,bio,bio-solid,0
greece,2007,coal,coal-anthr,0
greece,2007,coal,coal-bitum,0
greece,2007,coal,coal-coking,0
greece,2007,coal,coal-lignite,34.676
greece,2007,coal,coal-subbit,0
greece,2007,otherren,or-geo,0
greece,2007,otherren,or-tidal,0
greece,2008,bio,bio-solid,0
greece,2008,coal,coal-anthr,0
greece,2008,coal,coal-bitum,0
greece,2008,coal,coal-coking,0
greece,2008,coal,coal-lignite,33.356
greece,2008,coal,coal-subbit,0
greece,2008,otherren,or-geo,0
greece,2008,otherren,or-tidal,0
greece,2009,bio,bio-solid,0
greece,2009,coal,coal-anthr,0
greece,2009,coal,coal-bitum,0.039
greece,2009,coal,coal-coking,0
greece,2009,coal,coal-lignite,34.149
greece,2009,coal,coal-subbit,0
greece,2009,otherren,or-geo,0
greece,2009,otherren,or-tidal,0
greece,2010,bio,bio-solid,0
greece,2010,coal,coal-anthr,0
greece,2010,coal,coal-bitum,0.431
greece,2010,coal,coal-coking,0
greece,2010,coal,coal-lignite,30.366
greece,2010,coal,coal-subbit,0
greece,2010,otherren,or-geo,0
greece,2010,otherren,or-tidal,0
greece,2011,bio,bio-solid,0
greece,2011,coal,coal-anthr,0
greece,2011,coal,coal-bitum,0.076
greece,2011,coal,coal-coking,0
greece,2011,coal,coal-lignite,30.987
greece,2011,coal,coal-subbit,0
greece,2011,otherren,or-geo,0
greece,2011,otherren,or-tidal,0
greece,2012,bio,bio-solid,0
greece,2012,coal,coal-anthr,0
greece,2012,coal,coal-bitum,0.005
greece,2012,coal,coal-coking,0
greece,2012,coal,coal-lignite,31.114
greece,2012,coal,coal-subbit,0
greece,2012,otherren,or-geo,0
greece,2012,otherren,or-tidal,0
greece,2013,bio,bio-solid,0
greece,2013,coal,coal-anthr,0
greece,2013,coal,coal-bitum,0.003
greece,2013,coal,coal-coking,0
greece,2013,coal,coal-lignite,26.403
greece,2013,coal,coal-subbit,0
greece,2013,otherren,or-geo,0
greece,2013,otherren,or-tidal,0
greece,2014,bio,bio-solid,0
greece,2014,coal,coal-anthr,0
greece,2014,coal,coal-bitum,0
greece,2014,coal,coal-coking,0
greece,2014,coal,coal-lignite,25.746
greece,2014,coal,coal-subbit,0
greece,2014,otherren,or-geo,0
greece,2014,otherren,or-tidal,0
greece,2015,bio,bio-solid,0.0011
greece,2015,coal,coal-anthr,0
greece,2015,coal,coal-bitum,0
greece,2015,coal,coal-coking,0
greece,2015,coal,coal-lignite,22.107
greece,2015,coal,coal-subbit,0
greece,2015,otherren,or-geo,0
greece,2015,otherren,or-tidal,0
greece,2016,bio,bio-solid,0.0046
greece,2016,coal,coal-anthr,0
greece,2016,coal,coal-bitum,0
greece,2016,coal,coal-coking,0
greece,2016,coal,coal-lignite,18.883
greece,2016,coal,coal-subbit,0
greece,2016,otherren,or-geo,0
greece,2016,otherren,or-tidal,0
greece,2017,bio,bio-solid,0.0098
greece,2017,coal,coal-anthr,0
greece,2017,coal,coal-bitum,0
greece,2017,coal,coal-coking,0
greece,2017,coal,coal-lignite,18.765
greece,2017,coal,coal-subbit,0
greece,2017,otherren,or-geo,0
greece,2017,otherren,or-tidal,0
greece,2018,bio,bio-solid,0.0119
greece,2018,coal,coal-anthr,0
greece,2018,coal,coal-bitum,0
greece,2018,coal,coal-coking,0
greece,2018,coal,coal-lignite,17.1852
greece,2018,coal,coal-subbit,0
greece,2018,otherren,or-geo,0
greece,2018,otherren,or-tidal,0
greece,2019,bio,bio-solid,0.0245
greece,2019,coal,coal-anthr,0
greece,2019,coal,coal-bitum,0
greece,2019,coal,coal-coking,0
greece,2019,coal,coal-lignite,12.1236
greece,2019,coal,coal-subbit,0
greece,2019,otherren,or-geo,0
greece,2019,otherren,or-tidal,0
greece,2020,bio,bio-solid,0.0497
greece,2020,coal,coal-anthr,0
greece,2020,coal,coal-bitum,0
greece,2020,coal,coal-coking,0
greece,2020,coal,coal-lignite,6.605
greece,2020,coal,coal-subbit,0
greece,2020,otherren,or-geo,0
greece,2020,otherren,or-tidal,0
greece,2021,bio,bio-solid,0.0424
greece,2021,coal,coal-anthr,0
greece,2021,coal,coal-bitum,0
greece,2021,coal,coal-coking,0
greece,2021,coal,coal-lignite,5.3178
greece,2021,coal,coal-subbit,0
greece,2021,otherren,or-geo,0
greece,2021,otherren,or-tidal,0
greece,2022,bio,bio-solid,0.0518
greece,2022,coal,coal-anthr,0
greece,2022,coal,coal-bitum,0
greece,2022,coal,coal-coking,0
greece,2022,coal,coal-lignite,5.7568
greece,2022,coal,coal-subbit,0
greece,2022,otherren,or-geo,0
greece,2022,otherren,or-tidal,0
greece,2023,bio,bio-solid,0.0547
greece,2023,coal,coal-anthr,0
greece,2023,coal,coal-bitum,0
greece,2023,coal,coal-coking,0
greece,2023,coal,coal-lignite,4.5906
greece,2023,coal,coal-subbit,0
greece,2023,otherren,or-geo,0
greece,2023,otherren,or-tidal,0
greece,2024,bio,bio-solid,0.0666
greece,2024,coal,coal-anthr,0
greece,2024,coal,coal-bitum,0
greece,2024,coal,coal-coking,0
greece,2024,coal,coal-lignite,3.2695
greece,2024,coal,coal-subbit,0
greece,2024,otherren,or-geo,0
greece,2024,otherren,or-tidal,0
italy,1990,bio,bio-solid,0.012
italy,1990,coal,coal-anthr,0
italy,1990,coal,coal-bitum,30.875
italy,1990,coal,coal-coking,0
italy,1990,coal,coal-lignite,1.172
italy,1990,coal,coal-subbit,0
italy,1990,otherren,or-geo,3.222
italy,1990,otherren,or-tidal,0
italy,1991,bio,bio-solid,0.01
italy,1991,coal,coal-anthr,0
italy,1991,coal,coal-bitum,27.504
italy,1991,coal,coal-coking,0
italy,1991,coal,coal-lignite,1.003
italy,1991,coal,coal-subbit,0
italy,1991,otherren,or-geo,3.182
italy,1991,otherren,or-tidal,0
italy,1992,bio,bio-solid,0.005
italy,1992,coal,coal-anthr,0
italy,1992,coal,coal-bitum,20.466
italy,1992,coal,coal-coking,0
italy,1992,coal,coal-lignite,0.888
italy,1992,coal,coal-subbit,0
italy,1992,otherren,or-geo,3.459
italy,1992,otherren,or-tidal,0
italy,1993,bio,bio-solid,0.019
italy,1993,coal,coal-anthr,0
italy,1993,coal,coal-bitum,15.942
italy,1993,coal,coal-coking,0
italy,1993,coal,coal-lignite,0.717
italy,1993,coal,coal-subbit,0
italy,1993,otherren,or-geo,3.667
italy,1993,otherren,or-tidal,0
italy,1994,bio,bio-solid,0.018
italy,1994,coal,coal-anthr,0
italy,1994,coal,coal-bitum,19.577
italy,1994,coal,coal-coking,0
italy,1994,coal,coal-lignite,0.279
italy,1994,coal,coal-subbit,0
italy,1994,otherren,or-geo,3.417
italy,1994,otherren,or-tidal,0
italy,1995,bio,bio-solid,0.03
italy,1995,coal,coal-anthr,0
italy,1995,coal,coal-bitum,23.97
italy,1995,coal,coal-coking,0
italy,1995,coal,coal-lignite,0.152
italy,1995,coal,coal-subbit,0
italy,1995,otherren,or-geo,3.436
italy,1995,otherren,or-tidal,0
italy,1996,bio,bio-solid,0.049
italy,1996,coal,coal-anthr,0
italy,1996,coal,coal-bitum,21.966
italy,1996,coal,coal-coking,0
italy,1996,coal,coal-lignite,0.114
italy,1996,coal,coal-subbit,0
italy,1996,otherren,or-geo,3.762
italy,1996,otherren,or-tidal,0
italy,1997,bio,bio-solid,0.064
italy,1997,coal,coal-anthr,0
italy,1997,coal,coal-bitum,20.384
italy,1997,coal,coal-coking,0
italy,1997,coal,coal-lignite,0.134
italy,1997,coal,coal-subbit,0
italy,1997,otherren,or-geo,3.905
italy,1997,otherren,or-tidal,0
italy,1998,bio,bio-solid,0.066
italy,1998,coal,coal-anthr,0
italy,1998,coal,coal-bitum,22.987
italy,1998,coal,coal-coking,0
italy,1998,coal,coal-lignite,0.324
italy,1998,coal,coal-subbit,0
italy,1998,otherren,or-geo,4.214
italy,1998,otherren,or-tidal,0
italy,1999,bio,bio-solid,0.217
italy,1999,coal,coal-anthr,0
italy,1999,coal,coal-bitum,23.551
italy,1999,coal,coal-coking,0
italy,1999,coal,coal-lignite,0.261
italy,1999,coal,coal-subbit,0
italy,1999,otherren,or-geo,4.403
italy,1999,otherren,or-tidal,0
italy,2000,bio,bio-solid,0.4247
italy,2000,coal,coal-anthr,0
italy,2000,coal,coal-bitum,26.266
italy,2000,coal,coal-coking,0
italy,2000,coal,coal-lignite,0.006
italy,2000,coal,coal-subbit,0
italy,2000,otherren,or-geo,4.705
italy,2000,otherren,or-tidal,0
italy,2001,bio,bio-solid,0.5192
italy,2001,coal,coal-anthr,0
italy,2001,coal,coal-bitum,31.727
italy,2001,coal,coal-coking,0
italy,2001,coal,coal-lignite,0.003
italy,2001,coal,coal-subbit,0
italy,2001,otherren,or-geo,4.507
italy,2001,otherren,or-tidal,0
italy,2002,bio,bio-solid,1.0522
italy,2002,coal,coal-anthr,0
italy,2002,coal,coal-bitum,35.447
italy,2002,coal,coal-coking,0
italy,2002,coal,coal-lignite,0
italy,2002,coal,coal-subbit,0
italy,2002,otherren,or-geo,4.662
italy,2002,otherren,or-tidal,0
italy,2003,bio,bio-solid,1.4337
italy,2003,coal,coal-anthr,0
italy,2003,coal,coal-bitum,38.813
italy,2003,coal,coal-coking,0
italy,2003,coal,coal-lignite,0
italy,2003,coal,coal-subbit,0
italy,2003,otherren,or-geo,5.341
italy,2003,otherren,or-tidal,0
italy,2004,bio,bio-solid,1.9127
italy,2004,coal,coal-anthr,0
italy,2004,coal,coal-bitum,45.518
italy,2004,coal,coal-coking,0
italy,2004,coal,coal-lignite,0
italy,2004,coal,coal-subbit,0
italy,2004,otherren,or-geo,5.4373
italy,2004,otherren,or-tidal,0
italy,2005,bio,bio-solid,2.1669
italy,2005,coal,coal-anthr,0
italy,2005,coal,coal-bitum,43.606
italy,2005,coal,coal-coking,0
italy,2005,coal,coal-lignite,0
italy,2005,coal,coal-subbit,0
italy,2005,otherren,or-geo,5.3245
italy,2005,otherren,or-tidal,0
italy,2006,bio,bio-solid,2.3123
italy,2006,coal,coal-anthr,0
italy,2006,coal,coal-bitum,44.208
italy,2006,coal,coal-coking,0
italy,2006,coal,coal-lignite,0
italy,2006,coal,coal-subbit,0
italy,2006,otherren,or-geo,5.5274
italy,2006,otherren,or-tidal,0
italy,2007,bio,bio-solid,2.2975
italy,2007,coal,coal-anthr,0
italy,2007,coal,coal-bitum,44.112
italy,2007,coal,coal-coking,0
italy,2007,coal,coal-lignite,0
italy,2007,coal,coal-subbit,0
italy,2007,otherren,or-geo,5.5691
italy,2007,otherren,or-tidal,0
italy,2008,bio,bio-solid,2.7461
italy,2008,coal,coal-anthr,0
italy,2008,coal,coal-bitum,43.073
italy,2008,coal,coal-coking,0
italy,2008,coal,coal-lignite,0
italy,2008,coal,coal-subbit,0
italy,2008,otherren,or-geo,5.5203
italy,2008,otherren,or-tidal,0
italy,2009,bio,bio-solid,2.8277
italy,2009,coal,coal-anthr,0
italy,2009,coal,coal-bitum,38.593
italy,2009,coal,coal-coking,0
italy,2009,coal,coal-lignite,0
italy,2009,coal,coal-subbit,1.152
italy,2009,otherren,or-geo,5.3418
italy,2009,otherren,or-tidal,0
italy,2010,bio,bio-solid,2.2609
italy,2010,coal,coal-anthr,0
italy,2010,coal,coal-bitum,38.965
italy,2010,coal,coal-coking,0
italy,2010,coal,coal-lignite,0
italy,2010,coal,coal-subbit,0.769
italy,2010,otherren,or-geo,5.3759
italy,2010,otherren,or-tidal,0
italy,2011,bio,bio-solid,2.5221
italy,2011,coal,coal-anthr,0
italy,2011,coal,coal-bitum,44.357
italy,2011,coal,coal-coking,0
italy,2011,coal,coal-lignite,0
italy,2011,coal,coal-subbit,0.369
italy,2011,otherren,or-geo,5.6543
italy,2011,otherren,or-tidal,0
italy,2012,bio,bio-solid,2.5823
italy,2012,coal,coal-anthr,0
italy,2012,coal,coal-bitum,48.308
italy,2012,coal,coal-coking,0
italy,2012,coal,coal-lignite,0
italy,2012,coal,coal-subbit,0.833
italy,2012,otherren,or-geo,5.5917
italy,2012,otherren,or-tidal,0
italy,2013,bio,bio-solid,3.6788
italy,2013,coal,coal-anthr,0
italy,2013,coal,coal-bitum,44.114
italy,2013,coal,coal-coking,0
italy,2013,coal,coal-lignite,0
italy,2013,coal,coal-subbit,0.991
italy,2013,otherren,or-geo,5.6592
italy,2013,otherren,or-tidal,0
italy,2014,bio,bio-solid,3.8226
italy,2014,coal,coal-anthr,0
italy,2014,coal,coal-bitum,42.507
italy,2014,coal,coal-coking,0
italy,2014,coal,coal-lignite,0
italy,2014,coal,coal-subbit,0.947
italy,2014,otherren,or-geo,5.9163
italy,2014,otherren,or-tidal,0
italy,2015,bio,bio-solid,3.9466
italy,2015,coal,coal-anthr,0
italy,2015,coal,coal-bitum,42.349
italy,2015,coal,coal-coking,0
italy,2015,coal,coal-lignite,0
italy,2015,coal,coal-subbit,0.852
italy,2015,otherren,or-geo,6.185
italy,2015,otherren,or-tidal,0
italy,2016,bio,bio-solid,4.1245
italy,2016,coal,coal-anthr,0
italy,2016,coal,coal-bitum,35.349
italy,2016,coal,coal-coking,0
italy,2016,coal,coal-lignite,0
italy,2016,coal,coal-subbit,0.258
italy,2016,otherren,or-geo,6.2886
italy,2016,otherren,or-tidal,0
italy,2017,bio,bio-solid,4.2318
italy,2017,coal,coal-anthr,0
italy,2017,coal,coal-bitum,32.6111
italy,2017,coal,coal-coking,0
italy,2017,coal,coal-lignite,0
italy,2017,coal,coal-subbit,0.0163
italy,2017,otherren,or-geo,6.2012
italy,2017,otherren,or-tidal,0
italy,2018,bio,bio-solid,4.1914
italy,2018,coal,coal-anthr,0
italy,2018,coal,coal-bitum,28.4699
italy,2018,coal,coal-coking,0
italy,2018,coal,coal-lignite,0
italy,2018,coal,coal-subbit,0
italy,2018,otherren,or-geo,6.1054
italy,2018,otherren,or-tidal,0
italy,2019,bio,bio-solid,4.2401
italy,2019,coal,coal-anthr,0
italy,2019,coal,coal-bitum,18.8394
italy,2019,coal,coal-coking,0
italy,2019,coal,coal-lignite,0
italy,2019,coal,coal-subbit,0
italy,2019,otherren,or-geo,6.0749
italy,2019,otherren,or-tidal,0
italy,2020,bio,bio-solid,4.4703
italy,2020,coal,coal-anthr,0
italy,2020,coal,coal-bitum,13.3795
italy,2020,coal,coal-coking,0
italy,2020,coal,coal-lignite,0
italy,2020,coal,coal-subbit,0
italy,2020,otherren,or-geo,6.0261
italy,2020,otherren,or-tidal,0
italy,2021,bio,bio-solid,4.5295
italy,2021,coal,coal-anthr,0
italy,2021,coal,coal-bitum,14.0219
italy,2021,coal,coal-coking,0
italy,2021,coal,coal-lignite,0
italy,2021,coal,coal-subbit,0
italy,2021,otherren,or-geo,5.9138
italy,2021,otherren,or-tidal,0
italy,2022,bio,bio-solid,4.3578
italy,2022,coal,coal-anthr,0
italy,2022,coal,coal-bitum,22.6067
italy,2022,coal,coal-coking,0
italy,2022,coal,coal-lignite,0
italy,2022,coal,coal-subbit,0
italy,2022,otherren,or-geo,5.8369
italy,2022,otherren,or-tidal,0
italy,2023,bio,bio-solid,3.4392
italy,2023,coal,coal-anthr,0
italy,2023,coal,coal-bitum,13.2199
italy,2023,coal,coal-coking,0
italy,2023,coal,coal-lignite,0
italy,2023,coal,coal-subbit,0
italy,2023,otherren,or-geo,5.6922
italy,2023,otherren,or-tidal,0
italy,2024,bio,bio-solid,4.1403
italy,2024,coal,coal-anthr,0
italy,2024,coal,coal-bitum,3.9484
italy,2024,coal,coal-coking,0
italy,2024,coal,coal-lignite,0
italy,2024,coal,coal-subbit,0
italy,2024,otherren,or-geo,5.675
italy,2024,otherren,or-tidal,0
nether,1990,bio,bio-solid,0.0345
nether,1990,coal,coal-anthr,0
nether,1990,coal,coal-bitum,25.014
nether,1990,coal,coal-coking,0
nether,1990,coal,coal-lignite,0
nether,1990,coal,coal-subbit,0
nether,1990,otherren,or-geo,0
nether,1990,otherren,or-tidal,0
nether,1991,bio,bio-solid,0.0345
nether,1991,coal,coal-anthr,0
nether,1991,coal,coal-bitum,22.664
nether,1991,coal,coal-coking,0
nether,1991,coal,coal-lignite,0
nether,1991,coal,coal-subbit,0
nether,1991,otherren,or-geo,0
nether,1991,otherren,or-tidal,0
nether,1992,bio,bio-solid,0.0313
nether,1992,coal,coal-anthr,0
nether,1992,coal,coal-bitum,22.629
nether,1992,coal,coal-coking,0
nether,1992,coal,coal-lignite,0
nether,1992,coal,coal-subbit,0
nether,1992,otherren,or-geo,0
nether,1992,otherren,or-tidal,0
nether,1993,bio,bio-solid,0.0258
nether,1993,coal,coal-anthr,0
nether,1993,coal,coal-bitum,21.406
nether,1993,coal,coal-coking,0
nether,1993,coal,coal-lignite,0
nether,1993,coal,coal-subbit,0
nether,1993,otherren,or-geo,0
nether,1993,otherren,or-tidal,0
nether,1994,bio,bio-solid,0.0321
nether,1994,coal,coal-anthr,0
nether,1994,coal,coal-bitum,24.107
nether,1994,coal,coal-coking,0
nether,1994,coal,coal-lignite,0
nether,1994,coal,coal-subbit,0
nether,1994,otherren,or-geo,0
nether,1994,otherren,or-tidal,0
nether,1995,bio,bio-solid,0.0409
nether,1995,coal,coal-anthr,0
nether,1995,coal,coal-bitum,27.399
nether,1995,coal,coal-coking,0
nether,1995,coal,coal-lignite,0
nether,1995,coal,coal-subbit,0
nether,1995,otherren,or-geo,0
nether,1995,otherren,or-tidal,0
nether,1996,bio,bio-solid,0.0723
nether,1996,coal,coal-anthr,0
nether,1996,coal,coal-bitum,25.817
nether,1996,coal,coal-coking,0
nether,1996,coal,coal-lignite,0
nether,1996,coal,coal-subbit,0
nether,1996,otherren,or-geo,0
nether,1996,otherren,or-tidal,0
nether,1997,bio,bio-solid,0.0706
nether,1997,coal,coal-anthr,0
nether,1997,coal,coal-bitum,24.438
nether,1997,coal,coal-coking,0
nether,1997,coal,coal-lignite,0
nether,1997,coal,coal-subbit,0
nether,1997,otherren,or-geo,0
nether,1997,otherren,or-tidal,0
nether,1998,bio,bio-solid,0.127
nether,1998,coal,coal-anthr,0
nether,1998,coal,coal-bitum,26.433
nether,1998,coal,coal-coking,0
nether,1998,coal,coal-lignite,0
nether,1998,coal,coal-subbit,0
nether,1998,otherren,or-geo,0
nether,1998,otherren,or-tidal,0
nether,1999,bio,bio-solid,0.2297
nether,1999,coal,coal-anthr,0
nether,1999,coal,coal-bitum,21.924
nether,1999,coal,coal-coking,0
nether,1999,coal,coal-lignite,0
nether,1999,coal,coal-subbit,0
nether,1999,otherren,or-geo,0
nether,1999,otherren,or-tidal,0
nether,2000,bio,bio-solid,0.4347
nether,2000,coal,coal-anthr,0
nether,2000,coal,coal-bitum,24.276
nether,2000,coal,coal-coking,0
nether,2000,coal,coal-lignite,0
nether,2000,coal,coal-subbit,0
nether,2000,otherren,or-geo,0
nether,2000,otherren,or-tidal,0
nether,2001,bio,bio-solid,0.8234
nether,2001,coal,coal-anthr,0
nether,2001,coal,coal-bitum,25.481
nether,2001,coal,coal-coking,0
nether,2001,coal,coal-lignite,0
nether,2001,coal,coal-subbit,0
nether,2001,otherren,or-geo,0
nether,2001,otherren,or-tidal,0
nether,2002,bio,bio-solid,1.2779
nether,2002,coal,coal-anthr,0
nether,2002,coal,coal-bitum,25.992
nether,2002,coal,coal-coking,0
nether,2002,coal,coal-lignite,0
nether,2002,coal,coal-subbit,0
nether,2002,otherren,or-geo,0
nether,2002,otherren,or-tidal,0
nether,2003,bio,bio-solid,1.0069
nether,2003,coal,coal-anthr,0
nether,2003,coal,coal-bitum,26.571
nether,2003,coal,coal-coking,0
nether,2003,coal,coal-lignite,0
nether,2003,coal,coal-subbit,0
nether,2003,otherren,or-geo,0
nether,2003,otherren,or-tidal,0
nether,2004,bio,bio-solid,1.4583
nether,2004,coal,coal-anthr,0
nether,2004,coal,coal-bitum,24.947
nether,2004,coal,coal-coking,0
nether,2004,coal,coal-lignite,0
nether,2004,coal,coal-subbit,0
nether,2004,otherren,or-geo,0
nether,2004,otherren,or-tidal,0
nether,2005,bio,bio-solid,2.2468
nether,2005,coal,coal-anthr,0
nether,2005,coal,coal-bitum,23.5
nether,2005,coal,coal-coking,0
nether,2005,coal,coal-lignite,0
nether,2005,coal,coal-subbit,0
nether,2005,otherren,or-geo,0
nether,2005,otherren,or-tidal,0
nether,2006,bio,bio-solid,1.8403
nether,2006,coal,coal-anthr,0
nether,2006,coal,coal-bitum,23.737
nether,2006,coal,coal-coking,0
nether,2006,coal,coal-lignite,0
nether,2006,coal,coal-subbit,0
nether,2006,otherren,or-geo,0
nether,2006,otherren,or-tidal,0
nether,2007,bio,bio-solid,1.97
nether,2007,coal,coal-anthr,0
nether,2007,coal,coal-bitum,24.917
nether,2007,coal,coal-coking,0
nether,2007,coal,coal-lignite,0
nether,2007,coal,coal-subbit,0
nether,2007,otherren,or-geo,0
nether,2007,otherren,or-tidal,0
nether,2008,bio,bio-solid,2.5627
nether,2008,coal,coal-anthr,0
nether,2008,coal,coal-bitum,23.483
nether,2008,coal,coal-coking,0
nether,2008,coal,coal-lignite,0
nether,2008,coal,coal-subbit,0
nether,2008,otherren,or-geo,0
nether,2008,otherren,or-tidal,0
nether,2009,bio,bio-solid,3.5497
nether,2009,coal,coal-anthr,0
nether,2009,coal,coal-bitum,24.278
nether,2009,coal,coal-coking,0
nether,2009,coal,coal-lignite,0
nether,2009,coal,coal-subbit,0
nether,2009,otherren,or-geo,0
nether,2009,otherren,or-tidal,0
nether,2010,bio,bio-solid,4.1974
nether,2010,coal,coal-anthr,0
nether,2010,coal,coal-bitum,22.588
nether,2010,coal,coal-coking,0
nether,2010,coal,coal-lignite,0
nether,2010,coal,coal-subbit,0
nether,2010,otherren,or-geo,0
nether,2010,otherren,or-tidal,0
nether,2011,bio,bio-solid,3.9767
nether,2011,coal,coal-anthr,0
nether,2011,coal,coal-bitum,21.39
nether,2011,coal,coal-coking,0
nether,2011,coal,coal-lignite,0
nether,2011,coal,coal-subbit,0
nether,2011,otherren,or-geo,0
nether,2011,otherren,or-tidal,0
nether,2012,bio,bio-solid,3.9604
nether,2012,coal,coal-anthr,0
nether,2012,coal,coal-bitum,24.212
nether,2012,coal,coal-coking,0
nether,2012,coal,coal-lignite,0
nether,2012,coal,coal-subbit,0
nether,2012,otherren,or-geo,0
nether,2012,otherren,or-tidal,0
nether,2013,bio,bio-solid,2.8987
nether,2013,coal,coal-anthr,0
nether,2013,coal,coal-bitum,24.614
nether,2013,coal,coal-coking,0
nether,2013,coal,coal-lignite,0
nether,2013,coal,coal-subbit,0
nether,2013,otherren,or-geo,0
nether,2013,otherren,or-tidal,0
nether,2014,bio,bio-solid,2.0987
nether,2014,coal,coal-anthr,0
nether,2014,coal,coal-bitum,29.485
nether,2014,coal,coal-coking,0
nether,2014,coal,coal-lignite,0
nether,2014,coal,coal-subbit,0
nether,2014,otherren,or-geo,0
nether,2014,otherren,or-tidal,0
nether,2015,bio,bio-solid,1.9265
nether,2015,coal,coal-anthr,0
nether,2015,coal,coal-bitum,39.3906
nether,2015,coal,coal-coking,0
nether,2015,coal,coal-lignite,0
nether,2015,coal,coal-subbit,0
nether,2015,otherren,or-geo,0
nether,2015,otherren,or-tidal,0
nether,2016,bio,bio-solid,1.9088
nether,2016,coal,coal-anthr,0
nether,2016,coal,coal-bitum,36.8167
nether,2016,coal,coal-coking,0
nether,2016,coal,coal-lignite,0
nether,2016,coal,coal-subbit,0
nether,2016,otherren,or-geo,0
nether,2016,otherren,or-tidal,0
nether,2017,bio,bio-solid,1.7761
nether,2017,coal,coal-anthr,0
nether,2017,coal,coal-bitum,31.379
nether,2017,coal,coal-coking,0
nether,2017,coal,coal-lignite,0
nether,2017,coal,coal-subbit,0
nether,2017,otherren,or-geo,0
nether,2017,otherren,or-tidal,0
nether,2018,bio,bio-solid,1.4893
nether,2018,coal,coal-anthr,0
nether,2018,coal,coal-bitum,27.5778
nether,2018,coal,coal-coking,0
nether,2018,coal,coal-lignite,0
nether,2018,coal,coal-subbit,0
nether,2018,otherren,or-geo,0
nether,2018,otherren,or-tidal,0
nether,2019,bio,bio-solid,2.845
nether,2019,coal,coal-anthr,0
nether,2019,coal,coal-bitum,17.6936
nether,2019,coal,coal-coking,0
nether,2019,coal,coal-lignite,0
nether,2019,coal,coal-subbit,0
nether,2019,otherren,or-geo,0
nether,2019,otherren,or-tidal,0
nether,2020,bio,bio-solid,5.7765
nether,2020,coal,coal-anthr,0
nether,2020,coal,coal-bitum,7.6173
nether,2020,coal,coal-coking,0
nether,2020,coal,coal-lignite,0
nether,2020,coal,coal-subbit,0
nether,2020,otherren,or-geo,0
nether,2020,otherren,or-tidal,0
nether,2021,bio,bio-solid,7.8417
nether,2021,coal,coal-anthr,0
nether,2021,coal,coal-bitum,14.5998
nether,2021,coal,coal-coking,0
nether,2021,coal,coal-lignite,0
nether,2021,coal,coal-subbit,0
nether,2021,otherren,or-geo,0
nether,2021,otherren,or-tidal,0
nether,2022,bio,bio-solid,6.7546
nether,2022,coal,coal-anthr,0
nether,2022,coal,coal-bitum,14.8022
nether,2022,coal,coal-coking,0
nether,2022,coal,coal-lignite,0
nether,2022,coal,coal-subbit,0
nether,2022,otherren,or-geo,0
nether,2022,otherren,or-tidal,0
nether,2023,bio,bio-solid,4.9554
nether,2023,coal,coal-anthr,0
nether,2023,coal,coal-bitum,8.7118
nether,2023,coal,coal-coking,0
nether,2023,coal,coal-lignite,0
nether,2023,coal,coal-subbit,0
nether,2023,otherren,or-geo,0
nether,2023,otherren,or-tidal,0
nether,2024,bio,bio-solid,4.2849
nether,2024,coal,coal-anthr,0
nether,2024,coal,coal-bitum,7.467
nether,2024,coal,coal-coking,0
nether,2024,coal,coal-lignite,0
nether,2024,coal,coal-subbit,0
nether,2024,otherren,or-geo,0
nether,2024,otherren,or-tidal,0
poland,1990,bio,bio-solid,0.055
poland,1990,coal,coal-anthr,0
poland,1990,coal,coal-bitum,75.774
poland,1990,coal,coal-coking,0
poland,1990,coal,coal-lignite,54.587
poland,1990,coal,coal-subbit,0
poland,1990,otherren,or-geo,0
poland,1990,otherren,or-tidal,0
poland,1991,bio,bio-solid,0.083
poland,1991,coal,coal-anthr,0
poland,1991,coal,coal-bitum,73.334
poland,1991,coal,coal-coking,0
poland,1991,coal,coal-lignite,55.416
poland,1991,coal,coal-subbit,0
poland,1991,otherren,or-geo,0
poland,1991,otherren,or-tidal,0
poland,1992,bio,bio-solid,0.111
poland,1992,coal,coal-anthr,0
poland,1992,coal,coal-bitum,72.001
poland,1992,coal,coal-coking,0
poland,1992,coal,coal-lignite,54.58
poland,1992,coal,coal-subbit,0
poland,1992,otherren,or-geo,0
poland,1992,otherren,or-tidal,0
poland,1993,bio,bio-solid,0.061
poland,1993,coal,coal-anthr,0
poland,1993,coal,coal-bitum,72.319
poland,1993,coal,coal-coking,0
poland,1993,coal,coal-lignite,55.354
poland,1993,coal,coal-subbit,0
poland,1993,otherren,or-geo,0
poland,1993,otherren,or-tidal,0
poland,1994,bio,bio-solid,0.051
poland,1994,coal,coal-anthr,0
poland,1994,coal,coal-bitum,73.784
poland,1994,coal,coal-coking,0
poland,1994,coal,coal-lignite,54.61
poland,1994,coal,coal-subbit,0
poland,1994,otherren,or-geo,0
poland,1994,otherren,or-tidal,0
poland,1995,bio,bio-solid,0.054
poland,1995,coal,coal-anthr,0
poland,1995,coal,coal-bitum,77.49
poland,1995,coal,coal-coking,0
poland,1995,coal,coal-lignite,54.275
poland,1995,coal,coal-subbit,0
poland,1995,otherren,or-geo,0
poland,1995,otherren,or-tidal,0
poland,1996,bio,bio-solid,0.119
poland,1996,coal,coal-anthr,0
poland,1996,coal,coal-bitum,80.504
poland,1996,coal,coal-coking,0.019
poland,1996,coal,coal-lignite,54.958
poland,1996,coal,coal-subbit,0
poland,1996,otherren,or-geo,0
poland,1996,otherren,or-tidal,0
poland,1997,bio,bio-solid,0.163
poland,1997,coal,coal-anthr,0
poland,1997,coal,coal-bitum,79.774
poland,1997,coal,coal-coking,0.003
poland,1997,coal,coal-lignite,54.964
poland,1997,coal,coal-subbit,0
poland,1997,otherren,or-geo,0
poland,1997,otherren,or-tidal,0
poland,1998,bio,bio-solid,0.207
poland,1998,coal,coal-anthr,0
poland,1998,coal,coal-bitum,78.088
poland,1998,coal,coal-coking,0
poland,1998,coal,coal-lignite,56.141
poland,1998,coal,coal-subbit,0
poland,1998,otherren,or-geo,0
poland,1998,otherren,or-tidal,0
poland,1999,bio,bio-solid,0.17
poland,1999,coal,coal-anthr,0
poland,1999,coal,coal-bitum,78.391
poland,1999,coal,coal-coking,0
poland,1999,coal,coal-lignite,54.935
poland,1999,coal,coal-subbit,0
poland,1999,otherren,or-geo,0
poland,1999,otherren,or-tidal,0
poland,2000,bio,bio-solid,0.19
poland,2000,coal,coal-anthr,0
poland,2000,coal,coal-bitum,82.419
poland,2000,coal,coal-coking,0
poland,2000,coal,coal-lignite,53.469
poland,2000,coal,coal-subbit,0
poland,2000,otherren,or-geo,0
poland,2000,otherren,or-tidal,0
poland,2001,bio,bio-solid,0.402
poland,2001,coal,coal-anthr,0
poland,2001,coal,coal-bitum,80.367
poland,2001,coal,coal-coking,0
poland,2001,coal,coal-lignite,54.603
poland,2001,coal,coal-subbit,0
poland,2001,otherren,or-geo,0
poland,2001,otherren,or-tidal,0
poland,2002,bio,bio-solid,0.379
poland,2002,coal,coal-anthr,0
poland,2002,coal,coal-bitum,79.898
poland,2002,coal,coal-coking,0.004
poland,2002,coal,coal-lignite,53.04
poland,2002,coal,coal-subbit,0
poland,2002,otherren,or-geo,0
poland,2002,otherren,or-tidal,0
poland,2003,bio,bio-solid,0.399
poland,2003,coal,coal-anthr,0
poland,2003,coal,coal-bitum,84.72
poland,2003,coal,coal-coking,0
poland,2003,coal,coal-lignite,55.938
poland,2003,coal,coal-subbit,0
poland,2003,otherren,or-geo,0
poland,2003,otherren,or-tidal,0
poland,2004,bio,bio-solid,0.8967
poland,2004,coal,coal-anthr,0
poland,2004,coal,coal-bitum,84.914
poland,2004,coal,coal-coking,0.157
poland,2004,coal,coal-lignite,56.05
poland,2004,coal,coal-subbit,0
poland,2004,otherren,or-geo,0
poland,2004,otherren,or-tidal,0
poland,2005,bio,bio-solid,1.3998
poland,2005,coal,coal-anthr,0
poland,2005,coal,coal-bitum,86.985
poland,2005,coal,coal-coking,0.138
poland,2005,coal,coal-lignite,54.758
poland,2005,coal,coal-subbit,0
poland,2005,otherren,or-geo,0
poland,2005,otherren,or-tidal,0
poland,2006,bio,bio-solid,1.8327
poland,2006,coal,coal-anthr,0
poland,2006,coal,coal-bitum,93.497
poland,2006,coal,coal-coking,0.146
poland,2006,coal,coal-lignite,53.365
poland,2006,coal,coal-subbit,0
poland,2006,otherren,or-geo,0
poland,2006,otherren,or-tidal,0
poland,2007,bio,bio-solid,2.3604
poland,2007,coal,coal-anthr,0
poland,2007,coal,coal-bitum,92.9
poland,2007,coal,coal-coking,0.147
poland,2007,coal,coal-lignite,50.962
poland,2007,coal,coal-subbit,0
poland,2007,otherren,or-geo,0
poland,2007,otherren,or-tidal,0
poland,2008,bio,bio-solid,3.3634
poland,2008,coal,coal-anthr,0
poland,2008,coal,coal-bitum,85.526
poland,2008,coal,coal-coking,0.145
poland,2008,coal,coal-lignite,53.224
poland,2008,coal,coal-subbit,0
poland,2008,otherren,or-geo,0
poland,2008,otherren,or-tidal,0
poland,2009,bio,bio-solid,4.9041
poland,2009,coal,coal-anthr,0
poland,2009,coal,coal-bitum,83.047
poland,2009,coal,coal-coking,0.107
poland,2009,coal,coal-lignite,50.234
poland,2009,coal,coal-subbit,0
poland,2009,otherren,or-geo,0
poland,2009,otherren,or-tidal,0
poland,2010,bio,bio-solid,5.9052
poland,2010,coal,coal-anthr,0
poland,2010,coal,coal-bitum,87.695
poland,2010,coal,coal-coking,0.168
poland,2010,coal,coal-lignite,48.651
poland,2010,coal,coal-subbit,0
poland,2010,otherren,or-geo,0
poland,2010,otherren,or-tidal,0
poland,2011,bio,bio-solid,7.1484
poland,2011,coal,coal-anthr,0
poland,2011,coal,coal-bitum,87.068
poland,2011,coal,coal-coking,0.161
poland,2011,coal,coal-lignite,52.529
poland,2011,coal,coal-subbit,0
poland,2011,otherren,or-geo,0
poland,2011,otherren,or-tidal,0
poland,2012,bio,bio-solid,9.5287
poland,2012,coal,coal-anthr,0
poland,2012,coal,coal-bitum,80.352
poland,2012,coal,coal-coking,0.167
poland,2012,coal,coal-lignite,54.054
poland,2012,coal,coal-subbit,0
poland,2012,otherren,or-geo,0
poland,2012,otherren,or-tidal,0
poland,2013,bio,bio-solid,7.9318
poland,2013,coal,coal-anthr,0
poland,2013,coal,coal-bitum,81.414
poland,2013,coal,coal-coking,0.154
poland,2013,coal,coal-lignite,56.15
poland,2013,coal,coal-subbit,0
poland,2013,otherren,or-geo,0
poland,2013,otherren,or-tidal,0
poland,2014,bio,bio-solid,9.1602
poland,2014,coal,coal-anthr,0
poland,2014,coal,coal-bitum,75.976
poland,2014,coal,coal-coking,0.179
poland,2014,coal,coal-lignite,53.365
poland,2014,coal,coal-subbit,0
poland,2014,otherren,or-geo,0
poland,2014,otherren,or-tidal,0
poland,2015,bio,bio-solid,9.0266
poland,2015,coal,coal-anthr,0
poland,2015,coal,coal-bitum,77.499
poland,2015,coal,coal-coking,0.195
poland,2015,coal,coal-lignite,52.825
poland,2015,coal,coal-subbit,0
poland,2015,otherren,or-geo,0
poland,2015,otherren,or-tidal,0
poland,2016,bio,bio-solid,6.9127
poland,2016,coal,coal-anthr,0
poland,2016,coal,coal-bitum,79.285
poland,2016,coal,coal-coking,0.117
poland,2016,coal,coal-lignite,50.92
poland,2016,coal,coal-subbit,0
poland,2016,otherren,or-geo,0
poland,2016,otherren,or-tidal,0
poland,2017,bio,bio-solid,5.3086
poland,2017,coal,coal-anthr,0
poland,2017,coal,coal-bitum,78.8138
poland,2017,coal,coal-coking,0.1788
poland,2017,coal,coal-lignite,52.166
poland,2017,coal,coal-subbit,0
poland,2017,otherren,or-geo,0
poland,2017,otherren,or-tidal,0
poland,2018,bio,bio-solid,5.3332
poland,2018,coal,coal-anthr,0
poland,2018,coal,coal-bitum,81.2106
poland,2018,coal,coal-coking,0.0229
poland,2018,coal,coal-lignite,49.3294
poland,2018,coal,coal-subbit,0
poland,2018,otherren,or-geo,0
poland,2018,otherren,or-tidal,0
poland,2019,bio,bio-solid,6.4412
poland,2019,coal,coal-anthr,0
poland,2019,coal,coal-bitum,75.946
poland,2019,coal,coal-coking,0.0126
poland,2019,coal,coal-lignite,42.185
poland,2019,coal,coal-subbit,0
poland,2019,otherren,or-geo,0
poland,2019,otherren,or-tidal,0
poland,2020,bio,bio-solid,6.9328
poland,2020,coal,coal-anthr,0
poland,2020,coal,coal-bitum,69.169
poland,2020,coal,coal-coking,0.0811
poland,2020,coal,coal-lignite,38.1477
poland,2020,coal,coal-subbit,0
poland,2020,otherren,or-geo,0
poland,2020,otherren,or-tidal,0
poland,2021,bio,bio-solid,6.3984
poland,2021,coal,coal-anthr,0
poland,2021,coal,coal-bitum,81.0662
poland,2021,coal,coal-coking,0.0641
poland,2021,coal,coal-lignite,46.4415
poland,2021,coal,coal-subbit,0
poland,2021,otherren,or-geo,0
poland,2021,otherren,or-tidal,0
poland,2022,bio,bio-solid,5.9341
poland,2022,coal,coal-anthr,0
poland,2022,coal,coal-bitum,76.8905
poland,2022,coal,coal-coking,0.0517
poland,2022,coal,coal-lignite,47.7851
poland,2022,coal,coal-subbit,0
poland,2022,otherren,or-geo,0
poland,2022,otherren,or-tidal,0
poland,2023,bio,bio-solid,6.3742
poland,2023,coal,coal-anthr,0
poland,2023,coal,coal-bitum,63.8113
poland,2023,coal,coal-coking,0.06
poland,2023,coal,coal-lignite,34.9773
poland,2023,coal,coal-subbit,0
poland,2023,otherren,or-geo,0
poland,2023,otherren,or-tidal,0
poland,2024,bio,bio-solid,5.9563
poland,2024,coal,coal-anthr,0
poland,2024,coal,coal-bitum,57.1361
poland,2024,coal,coal-coking,0.04
poland,2024,coal,coal-lignite,36.32
poland,2024,coal,coal-subbit,0
poland,2024,otherren,or-geo,0
poland,2024,otherren,or-tidal,0
spain,1990,bio,bio-solid,0.462
spain,1990,coal,coal-anthr,0
spain,1990,coal,coal-bitum,42.629
spain,1990,coal,coal-coking,0
spain,1990,coal,coal-lignite,11.794
spain,1990,coal,coal-subbit,5.052
spain,1990,otherren,or-geo,0
spain,1990,otherren,or-tidal,0
spain,1991,bio,bio-solid,0.462
spain,1991,coal,coal-anthr,0
spain,1991,coal,coal-bitum,42.694
spain,1991,coal,coal-coking,0
spain,1991,coal,coal-lignite,10.745
spain,1991,coal,coal-subbit,5.354
spain,1991,otherren,or-geo,0
spain,1991,otherren,or-tidal,0
spain,1992,bio,bio-solid,0.478
spain,1992,coal,coal-anthr,0
spain,1992,coal,coal-bitum,48.22
spain,1992,coal,coal-coking,0
spain,1992,coal,coal-lignite,10.423
spain,1992,coal,coal-subbit,5.579
spain,1992,otherren,or-geo,0
spain,1992,otherren,or-tidal,0
spain,1993,bio,bio-solid,0.482
spain,1993,coal,coal-anthr,0
spain,1993,coal,coal-bitum,46.536
spain,1993,coal,coal-coking,0
spain,1993,coal,coal-lignite,10.077
spain,1993,coal,coal-subbit,5.8
spain,1993,otherren,or-geo,0
spain,1993,otherren,or-tidal,0
spain,1994,bio,bio-solid,0.49
spain,1994,coal,coal-anthr,0
spain,1994,coal,coal-bitum,47.423
spain,1994,coal,coal-coking,0
spain,1994,coal,coal-lignite,8.23
spain,1994,coal,coal-subbit,5.913
spain,1994,otherren,or-geo,0
spain,1994,otherren,or-tidal,0
spain,1995,bio,bio-solid,0.668
spain,1995,coal,coal-anthr,0
spain,1995,coal,coal-bitum,52.363
spain,1995,coal,coal-coking,0
spain,1995,coal,coal-lignite,7.73
spain,1995,coal,coal-subbit,5.82
spain,1995,otherren,or-geo,0
spain,1995,otherren,or-tidal,0
spain,1996,bio,bio-solid,0.672
spain,1996,coal,coal-anthr,0
spain,1996,coal,coal-bitum,42.049
spain,1996,coal,coal-coking,0
spain,1996,coal,coal-lignite,7.173
spain,1996,coal,coal-subbit,4.721
spain,1996,otherren,or-geo,0
spain,1996,otherren,or-tidal,0
spain,1997,bio,bio-solid,0.946
spain,1997,coal,coal-anthr,0
spain,1997,coal,coal-bitum,51.068
spain,1997,coal,coal-coking,0
spain,1997,coal,coal-lignite,6.209
spain,1997,coal,coal-subbit,5.392
spain,1997,otherren,or-geo,0
spain,1997,otherren,or-tidal,0
spain,1998,bio,bio-solid,0.996
spain,1998,coal,coal-anthr,0
spain,1998,coal,coal-bitum,51.285
spain,1998,coal,coal-coking,0
spain,1998,coal,coal-lignite,6.823
spain,1998,coal,coal-subbit,3.477
spain,1998,otherren,or-geo,0
spain,1998,otherren,or-tidal,0
spain,1999,bio,bio-solid,1.074
spain,1999,coal,coal-anthr,0
spain,1999,coal,coal-bitum,62.496
spain,1999,coal,coal-coking,0
spain,1999,coal,coal-lignite,6.821
spain,1999,coal,coal-subbit,4.292
spain,1999,otherren,or-geo,0
spain,1999,otherren,or-tidal,0
spain,2000,bio,bio-solid,0.841
spain,2000,coal,coal-anthr,0
spain,2000,coal,coal-bitum,67.612
spain,2000,coal,coal-coking,0
spain,2000,coal,coal-lignite,6.21
spain,2000,coal,coal-subbit,5.272
spain,2000,otherren,or-geo,0
spain,2000,otherren,or-tidal,0
spain,2001,bio,bio-solid,0.969
spain,2001,coal,coal-anthr,0
spain,2001,coal,coal-bitum,59.843
spain,2001,coal,coal-coking,0
spain,2001,coal,coal-lignite,6.419
spain,2001,coal,coal-subbit,4.008
spain,2001,otherren,or-geo,0
spain,2001,otherren,or-tidal,0
spain,2002,bio,bio-solid,1.831
spain,2002,coal,coal-anthr,0
spain,2002,coal,coal-bitum,69.504
spain,2002,coal,coal-coking,0
spain,2002,coal,coal-lignite,6.555
spain,2002,coal,coal-subbit,5.123
spain,2002,otherren,or-geo,0
spain,2002,otherren,or-tidal,0
spain,2003,bio,bio-solid,2.095
spain,2003,coal,coal-anthr,0
spain,2003,coal,coal-bitum,64.599
spain,2003,coal,coal-coking,0
spain,2003,coal,coal-lignite,5.905
spain,2003,coal,coal-subbit,4.218
spain,2003,otherren,or-geo,0
spain,2003,otherren,or-tidal,0
spain,2004,bio,bio-solid,2.2136
spain,2004,coal,coal-anthr,8.861
spain,2004,coal,coal-bitum,59.726
spain,2004,coal,coal-coking,0
spain,2004,coal,coal-lignite,5.991
spain,2004,coal,coal-subbit,4.528
spain,2004,otherren,or-geo,0
spain,2004,otherren,or-tidal,0
spain,2005,bio,bio-solid,1.5788
spain,2005,coal,coal-anthr,8.336
spain,2005,coal,coal-bitum,60.693
spain,2005,coal,coal-coking,0
spain,2005,coal,coal-lignite,5.417
spain,2005,coal,coal-subbit,4.607
spain,2005,otherren,or-geo,0
spain,2005,otherren,or-tidal,0
spain,2006,bio,bio-solid,1.573
spain,2006,coal,coal-anthr,6.21
spain,2006,coal,coal-bitum,52.033
spain,2006,coal,coal-coking,0
spain,2006,coal,coal-lignite,4.501
spain,2006,coal,coal-subbit,3.995
spain,2006,otherren,or-geo,0
spain,2006,otherren,or-tidal,0
spain,2007,bio,bio-solid,1.553
spain,2007,coal,coal-anthr,6.966
spain,2007,coal,coal-bitum,57.456
spain,2007,coal,coal-coking,0
spain,2007,coal,coal-lignite,4.379
spain,2007,coal,coal-subbit,3.994
spain,2007,otherren,or-geo,0
spain,2007,otherren,or-tidal,0
spain,2008,bio,bio-solid,1.888
spain,2008,coal,coal-anthr,4.967
spain,2008,coal,coal-bitum,40.414
spain,2008,coal,coal-coking,0
spain,2008,coal,coal-lignite,0
spain,2008,coal,coal-subbit,3.333
spain,2008,otherren,or-geo,0
spain,2008,otherren,or-tidal,0
spain,2009,bio,bio-solid,2.197
spain,2009,coal,coal-anthr,3.425
spain,2009,coal,coal-bitum,30.598
spain,2009,coal,coal-coking,0
spain,2009,coal,coal-lignite,0
spain,2009,coal,coal-subbit,1.887
spain,2009,otherren,or-geo,0
spain,2009,otherren,or-tidal,0
spain,2010,bio,bio-solid,2.508
spain,2010,coal,coal-anthr,0.291
spain,2010,coal,coal-bitum,23.761
spain,2010,coal,coal-coking,0
spain,2010,coal,coal-lignite,0
spain,2010,coal,coal-subbit,1.282
spain,2010,otherren,or-geo,0
spain,2010,otherren,or-tidal,0
spain,2011,bio,bio-solid,3.011
spain,2011,coal,coal-anthr,7.822
spain,2011,coal,coal-bitum,32.157
spain,2011,coal,coal-coking,0
spain,2011,coal,coal-lignite,0
spain,2011,coal,coal-subbit,4.001
spain,2011,otherren,or-geo,0
spain,2011,otherren,or-tidal,0
spain,2012,bio,bio-solid,3.396
spain,2012,coal,coal-anthr,8.415
spain,2012,coal,coal-bitum,43.637
spain,2012,coal,coal-coking,0
spain,2012,coal,coal-lignite,0
spain,2012,coal,coal-subbit,3.022
spain,2012,otherren,or-geo,0
spain,2012,otherren,or-tidal,0
spain,2013,bio,bio-solid,4.143
spain,2013,coal,coal-anthr,4.325
spain,2013,coal,coal-bitum,33.372
spain,2013,coal,coal-coking,0
spain,2013,coal,coal-lignite,0
spain,2013,coal,coal-subbit,2.244
spain,2013,otherren,or-geo,0
spain,2013,otherren,or-tidal,0
spain,2014,bio,bio-solid,3.821
spain,2014,coal,coal-anthr,4.406
spain,2014,coal,coal-bitum,36.468
spain,2014,coal,coal-coking,0
spain,2014,coal,coal-lignite,0
spain,2014,coal,coal-subbit,2.933
spain,2014,otherren,or-geo,0
spain,2014,otherren,or-tidal,0
spain,2015,bio,bio-solid,4.014
spain,2015,coal,coal-anthr,4.839
spain,2015,coal,coal-bitum,43.289
spain,2015,coal,coal-coking,0
spain,2015,coal,coal-lignite,0
spain,2015,coal,coal-subbit,3.238
spain,2015,otherren,or-geo,0
spain,2015,otherren,or-tidal,0
spain,2016,bio,bio-solid,4.048
spain,2016,coal,coal-anthr,3.09
spain,2016,coal,coal-bitum,31.498
spain,2016,coal,coal-coking,0
spain,2016,coal,coal-lignite,0
spain,2016,coal,coal-subbit,1.846
spain,2016,otherren,or-geo,0
spain,2016,otherren,or-tidal,0
spain,2017,bio,bio-solid,4.365
spain,2017,coal,coal-anthr,2.223
spain,2017,coal,coal-bitum,40.34
spain,2017,coal,coal-coking,0
spain,2017,coal,coal-lignite,0
spain,2017,coal,coal-subbit,2.564
spain,2017,otherren,or-geo,0
spain,2017,otherren,or-tidal,0
spain,2018,bio,bio-solid,4.221
spain,2018,coal,coal-anthr,0.884
spain,2018,coal,coal-bitum,34.719
spain,2018,coal,coal-coking,0
spain,2018,coal,coal-lignite,0
spain,2018,coal,coal-subbit,1.738
spain,2018,otherren,or-geo,0
spain,2018,otherren,or-tidal,0
spain,2019,bio,bio-solid,3.885
spain,2019,coal,coal-anthr,0.063
spain,2019,coal,coal-bitum,11.866
spain,2019,coal,coal-coking,0
spain,2019,coal,coal-lignite,0
spain,2019,coal,coal-subbit,0.93
spain,2019,otherren,or-geo,0
spain,2019,otherren,or-tidal,0.02
spain,2020,bio,bio-solid,4.541
spain,2020,coal,coal-anthr,0.059
spain,2020,coal,coal-bitum,5.34
spain,2020,coal,coal-coking,0
spain,2020,coal,coal-lignite,0
spain,2020,coal,coal-subbit,0.123
spain,2020,otherren,or-geo,0
spain,2020,otherren,or-tidal,0.027
spain,2021,bio,bio-solid,5.095
spain,2021,coal,coal-anthr,0
spain,2021,coal,coal-bitum,4.858
spain,2021,coal,coal-coking,0
spain,2021,coal,coal-lignite,0
spain,2021,coal,coal-subbit,0
spain,2021,otherren,or-geo,0
spain,2021,otherren,or-tidal,0.019
spain,2022,bio,bio-solid,4.932
spain,2022,coal,coal-anthr,0
spain,2022,coal,coal-bitum,7.86
spain,2022,coal,coal-coking,0
spain,2022,coal,coal-lignite,0
spain,2022,coal,coal-subbit,0
spain,2022,otherren,or-geo,0
spain,2022,otherren,or-tidal,0.023
spain,2023,bio,bio-solid,4.047
spain,2023,coal,coal-anthr,0
spain,2023,coal,coal-bitum,3.623
spain,2023,coal,coal-coking,0
spain,2023,coal,coal-lignite,0
spain,2023,coal,coal-subbit,0
spain,2023,otherren,or-geo,0
spain,2023,otherren,or-tidal,0.012
spain,2024,bio,bio-solid,4.2068
spain,2024,coal,coal-anthr,0
spain,2024,coal,coal-bitum,2.5815
spain,2024,coal,coal-coking,0
spain,2024,coal,coal-lignite,0
spain,2024,coal,coal-subbit,0
spain,2024,otherren,or-geo,0
spain,2024,otherren,or-tidal,0.009
